region;tenure;age;marital;address;income;employ;retire;gender;reside;custcat;churn
гнмю 2;13;44;фемюр (гюлсфел);9;64;5;мер;лсфяйни;2;аюгнбше сяксцх;1
гнмю 3;11;33;фемюр (гюлсфел);7;136;5;мер;лсфяйни;6;бяе сяксцх;1
гнмю 3;68;52;фемюр (гюлсфел);24;116;29;мер;фемяйхи;2;окчя сяксцх;0
гнмю 2;33;33;ункняр (ме гюлсфел);12;33;0;мер;фемяйхи;1;аюгнбше сяксцх;1
гнмю 2;23;30;фемюр (гюлсфел);9;30;2;мер;лсфяйни;4;окчя сяксцх;0
гнмю 2;41;39;ункняр (ме гюлсфел);17;78;16;мер;фемяйхи;1;окчя сяксцх;0
гнмю 3;45;22;фемюр (гюлсфел);2;19;4;мер;фемяйхи;5;щкейрпнммше сяксцх;1
гнмю 2;38;35;ункняр (ме гюлсфел);5;76;10;мер;лсфяйни;3;бяе сяксцх;0
гнмю 3;45;59;фемюр (гюлсфел);7;166;31;мер;лсфяйни;5;окчя сяксцх;0
гнмю 1;68;41;фемюр (гюлсфел);21;72;22;мер;лсфяйни;3;щкейрпнммше сяксцх;0
гнмю 2;5;33;ункняр (ме гюлсфел);10;125;5;мер;фемяйхи;1;аюгнбше сяксцх;1
гнмю 3;7;35;ункняр (ме гюлсфел);14;80;15;мер;фемяйхи;1;окчя сяксцх;0
гнмю 1;41;38;фемюр (гюлсфел);8;37;9;мер;фемяйхи;3;аюгнбше сяксцх;0
гнмю 2;57;54;фемюр (гюлсфел);30;115;23;мер;фемяйхи;3;бяе сяксцх;1
гнмю 2;9;46;ункняр (ме гюлсфел);3;25;8;мер;фемяйхи;2;аюгнбше сяксцх;0
гнмю 1;29;38;фемюр (гюлсфел);12;75;1;мер;лсфяйни;4;щкейрпнммше сяксцх;0
гнмю 3;60;57;ункняр (ме гюлсфел);38;162;30;мер;лсфяйни;1;окчя сяксцх;0
гнмю 3;34;48;ункняр (ме гюлсфел);3;49;6;мер;фемяйхи;3;окчя сяксцх;0
гнмю 2;1;24;ункняр (ме гюлсфел);3;20;3;мер;лсфяйни;1;аюгнбше сяксцх;0
гнмю 1;26;29;фемюр (гюлсфел);3;77;2;мер;лсфяйни;4;бяе сяксцх;1
гнмю 3;6;30;ункняр (ме гюлсфел);7;16;1;мер;фемяйхи;1;щкейрпнммше сяксцх;1
гнмю 1;68;52;фемюр (гюлсфел);17;120;24;мер;лсфяйни;2;аюгнбше сяксцх;0
гнмю 3;53;33;ункняр (ме гюлсфел);10;101;4;мер;фемяйхи;2;бяе сяксцх;0
гнмю 3;55;48;фемюр (гюлсфел);19;67;25;мер;лсфяйни;3;аюгнбше сяксцх;0
гнмю 3;14;43;фемюр (гюлсфел);18;36;5;мер;лсфяйни;5;окчя сяксцх;0
гнмю 2;1;21;ункняр (ме гюлсфел);0;33;0;мер;фемяйхи;3;окчя сяксцх;0
гнмю 2;42;40;ункняр (ме гюлсфел);7;37;8;мер;фемяйхи;1;бяе сяксцх;0
гнмю 3;25;33;фемюр (гюлсфел);11;31;5;мер;лсфяйни;4;окчя сяксцх;0
гнмю 1;9;21;фемюр (гюлсфел);1;17;2;мер;фемяйхи;3;аюгнбше сяксцх;0
гнмю 2;13;33;фемюр (гюлсфел);9;19;0;мер;фемяйхи;2;щкейрпнммше сяксцх;0
гнмю 1;56;37;фемюр (гюлсфел);6;36;13;мер;фемяйхи;2;щкейрпнммше сяксцх;0
гнмю 1;71;53;фемюр (гюлсфел);27;155;12;мер;лсфяйни;2;бяе сяксцх;0
гнмю 1;35;50;фемюр (гюлсфел);26;140;21;мер;фемяйхи;4;окчя сяксцх;0
гнмю 1;11;27;фемюр (гюлсфел);8;55;0;мер;лсфяйни;3;щкейрпнммше сяксцх;0
гнмю 2;60;46;фемюр (гюлсфел);13;163;24;мер;лсфяйни;2;бяе сяксцх;0
гнмю 3;20;35;фемюр (гюлсфел);11;52;0;мер;лсфяйни;2;щкейрпнммше сяксцх;1
гнмю 2;54;60;ункняр (ме гюлсфел);38;211;25;мер;лсфяйни;1;бяе сяксцх;0
гнмю 1;44;57;фемюр (гюлсфел);1;186;17;мер;лсфяйни;2;окчя сяксцх;0
гнмю 1;11;41;фемюр (гюлсфел);0;39;1;мер;фемяйхи;2;окчя сяксцх;1
гнмю 2;72;57;ункняр (ме гюлсфел);34;22;35;дю;фемяйхи;1;окчя сяксцх;0
гнмю 3;10;41;ункняр (ме гюлсфел);7;30;7;мер;лсфяйни;1;окчя сяксцх;0
гнмю 2;15;28;ункняр (ме гюлсфел);0;29;4;мер;фемяйхи;1;окчя сяксцх;0
гнмю 2;27;28;фемюр (гюлсфел);4;23;8;мер;лсфяйни;5;аюгнбше сяксцх;0
гнмю 1;9;36;фемюр (гюлсфел);14;62;10;мер;лсфяйни;6;бяе сяксцх;1
гнмю 1;64;43;фемюр (гюлсфел);20;76;20;мер;фемяйхи;4;окчя сяксцх;0
гнмю 1;65;41;фемюр (гюлсфел);3;74;16;мер;лсфяйни;2;щкейрпнммше сяксцх;0
гнмю 1;49;51;фемюр (гюлсфел);27;63;19;мер;лсфяйни;5;щкейрпнммше сяксцх;0
гнмю 3;47;41;фемюр (гюлсфел);0;36;8;мер;лсфяйни;2;бяе сяксцх;1
гнмю 3;9;34;фемюр (гюлсфел);9;33;8;мер;фемяйхи;4;аюгнбше сяксцх;1
гнмю 1;5;36;ункняр (ме гюлсфел);14;29;9;мер;фемяйхи;1;окчя сяксцх;1
гнмю 2;30;34;фемюр (гюлсфел);4;27;1;мер;лсфяйни;5;аюгнбше сяксцх;1
гнмю 1;56;52;фемюр (гюлсфел);28;49;12;мер;лсфяйни;4;щкейрпнммше сяксцх;0
гнмю 3;10;22;ункняр (ме гюлсфел);0;24;0;мер;лсфяйни;1;бяе сяксцх;0
гнмю 1;7;26;фемюр (гюлсфел);3;26;2;мер;лсфяйни;5;аюгнбше сяксцх;0
гнмю 1;52;27;ункняр (ме гюлсфел);6;47;5;мер;лсфяйни;2;аюгнбше сяксцх;0
гнмю 2;36;45;фемюр (гюлсфел);1;94;18;мер;фемяйхи;5;аюгнбше сяксцх;1
гнмю 3;27;34;ункняр (ме гюлсфел);8;21;4;мер;фемяйхи;1;щкейрпнммше сяксцх;0
гнмю 1;58;62;фемюр (гюлсфел);36;27;0;мер;лсфяйни;2;аюгнбше сяксцх;0
гнмю 2;41;52;ункняр (ме гюлсфел);27;30;2;мер;фемяйхи;1;окчя сяксцх;0
гнмю 2;47;40;фемюр (гюлсфел);16;127;12;мер;фемяйхи;4;щкейрпнммше сяксцх;0
гнмю 2;55;39;фемюр (гюлсфел);15;137;20;мер;фемяйхи;2;окчя сяксцх;1
гнмю 2;56;50;фемюр (гюлсфел);1;80;24;мер;фемяйхи;4;бяе сяксцх;0
гнмю 3;35;55;ункняр (ме гюлсфел);24;30;2;мер;лсфяйни;1;аюгнбше сяксцх;0
гнмю 2;69;51;фемюр (гюлсфел);11;438;23;мер;фемяйхи;2;бяе сяксцх;0
гнмю 2;44;39;ункняр (ме гюлсфел);16;79;16;мер;лсфяйни;1;бяе сяксцх;1
гнмю 3;36;47;фемюр (гюлсфел);16;63;23;мер;лсфяйни;2;аюгнбше сяксцх;0
гнмю 3;28;51;фемюр (гюлсфел);22;40;10;мер;фемяйхи;6;окчя сяксцх;0
гнмю 1;72;67;фемюр (гюлсфел);44;51;34;дю;лсфяйни;2;окчя сяксцх;0
гнмю 1;16;27;ункняр (ме гюлсфел);5;37;5;мер;лсфяйни;4;аюгнбше сяксцх;0
гнмю 3;3;43;ункняр (ме гюлсфел);19;61;11;мер;фемяйхи;1;аюгнбше сяксцх;1
гнмю 1;40;57;фемюр (гюлсфел);15;22;9;мер;лсфяйни;2;аюгнбше сяксцх;0
гнмю 3;16;39;ункняр (ме гюлсфел);6;44;3;мер;фемяйхи;1;щкейрпнммше сяксцх;0
гнмю 1;20;42;ункняр (ме гюлсфел);4;17;5;мер;лсфяйни;1;аюгнбше сяксцх;0
гнмю 2;48;43;ункняр (ме гюлсфел);13;110;15;мер;фемяйхи;3;щкейрпнммше сяксцх;0
гнмю 2;64;48;фемюр (гюлсфел);13;91;24;мер;лсфяйни;2;окчя сяксцх;0
гнмю 1;8;46;ункняр (ме гюлсфел);3;46;8;мер;лсфяйни;1;аюгнбше сяксцх;0
гнмю 1;40;38;фемюр (гюлсфел);10;85;12;мер;лсфяйни;2;окчя сяксцх;1
гнмю 2;38;71;ункняр (ме гюлсфел);27;10;12;дю;лсфяйни;1;аюгнбше сяксцх;0
гнмю 1;67;68;ункняр (ме гюлсфел);28;244;47;мер;фемяйхи;1;окчя сяксцх;0
гнмю 1;26;42;ункняр (ме гюлсфел);0;80;15;мер;фемяйхи;1;бяе сяксцх;0
гнмю 3;41;34;фемюр (гюлсфел);15;83;1;мер;фемяйхи;2;бяе сяксцх;0
гнмю 2;2;31;ункняр (ме гюлсфел);2;21;6;мер;лсфяйни;1;аюгнбше сяксцх;1
гнмю 3;20;48;фемюр (гюлсфел);29;24;3;мер;лсфяйни;2;бяе сяксцх;1
гнмю 2;31;53;ункняр (ме гюлсфел);2;351;31;мер;фемяйхи;1;окчя сяксцх;0
гнмю 2;45;52;фемюр (гюлсфел);4;169;29;мер;фемяйхи;4;щкейрпнммше сяксцх;0
гнмю 2;33;27;фемюр (гюлсфел);7;46;7;мер;лсфяйни;4;аюгнбше сяксцх;0
гнмю 1;10;26;ункняр (ме гюлсфел);6;34;3;мер;лсфяйни;1;щкейрпнммше сяксцх;0
гнмю 2;62;54;фемюр (гюлсфел);2;50;3;мер;лсфяйни;2;бяе сяксцх;1
гнмю 2;4;35;ункняр (ме гюлсфел);16;161;6;мер;фемяйхи;1;бяе сяксцх;1
гнмю 1;42;47;фемюр (гюлсфел);17;212;17;мер;лсфяйни;2;окчя сяксцх;0
гнмю 3;27;51;фемюр (гюлсфел);3;80;11;мер;лсфяйни;3;щкейрпнммше сяксцх;0
гнмю 2;38;42;ункняр (ме гюлсфел);1;30;7;мер;фемяйхи;1;аюгнбше сяксцх;0
гнмю 3;52;61;фемюр (гюлсфел);3;53;1;мер;фемяйхи;2;щкейрпнммше сяксцх;0
гнмю 3;35;33;ункняр (ме гюлсфел);9;73;4;мер;фемяйхи;1;бяе сяксцх;0
гнмю 3;3;20;фемюр (гюлсфел);1;17;0;мер;фемяйхи;4;аюгнбше сяксцх;1
гнмю 2;17;33;ункняр (ме гюлсфел);9;23;3;мер;лсфяйни;1;бяе сяксцх;1
гнмю 1;55;53;фемюр (гюлсфел);21;34;8;мер;лсфяйни;2;окчя сяксцх;0
гнмю 3;43;36;фемюр (гюлсфел);5;107;19;мер;фемяйхи;3;щкейрпнммше сяксцх;1
гнмю 2;47;25;фемюр (гюлсфел);5;21;1;мер;фемяйхи;2;окчя сяксцх;1
гнмю 3;65;58;ункняр (ме гюлсфел);30;83;16;мер;фемяйхи;1;щкейрпнммше сяксцх;0
гнмю 1;13;20;ункняр (ме гюлсфел);1;17;0;мер;лсфяйни;5;бяе сяксцх;0
гнмю 3;64;25;фемюр (гюлсфел);4;76;2;мер;фемяйхи;6;окчя сяксцх;0
гнмю 2;12;24;ункняр (ме гюлсфел);2;19;0;мер;лсфяйни;1;окчя сяксцх;1
гнмю 1;29;32;фемюр (гюлсфел);0;49;3;мер;фемяйхи;3;щкейрпнммше сяксцх;1
гнмю 2;23;47;ункняр (ме гюлсфел);21;173;22;мер;фемяйхи;1;щкейрпнммше сяксцх;0
гнмю 2;14;35;ункняр (ме гюлсфел);4;47;10;мер;фемяйхи;1;щкейрпнммше сяксцх;1
гнмю 1;35;61;ункняр (ме гюлсфел);23;41;11;мер;лсфяйни;1;аюгнбше сяксцх;0
гнмю 3;26;39;ункняр (ме гюлсфел);8;105;13;мер;фемяйхи;1;бяе сяксцх;0
гнмю 1;13;54;ункняр (ме гюлсфел);2;31;2;мер;лсфяйни;1;аюгнбше сяксцх;0
гнмю 2;69;40;фемюр (гюлсфел);13;41;17;мер;лсфяйни;3;щкейрпнммше сяксцх;0
гнмю 3;61;50;фемюр (гюлсфел);30;102;9;мер;фемяйхи;3;щкейрпнммше сяксцх;0
гнмю 2;45;22;фемюр (гюлсфел);2;36;0;мер;фемяйхи;5;щкейрпнммше сяксцх;1
гнмю 2;3;37;ункняр (ме гюлсфел);13;24;3;мер;фемяйхи;1;аюгнбше сяксцх;0
гнмю 2;53;22;ункняр (ме гюлсфел);1;25;0;мер;лсфяйни;2;щкейрпнммше сяксцх;0
гнмю 1;59;42;ункняр (ме гюлсфел);1;68;21;мер;фемяйхи;1;окчя сяксцх;0
гнмю 1;13;34;ункняр (ме гюлсфел);11;20;0;мер;фемяйхи;1;аюгнбше сяксцх;0
гнмю 3;31;31;ункняр (ме гюлсфел);4;48;15;мер;лсфяйни;1;окчя сяксцх;0
гнмю 1;40;29;фемюр (гюлсфел);6;40;8;мер;фемяйхи;5;окчя сяксцх;0
гнмю 1;48;55;ункняр (ме гюлсфел);15;79;25;мер;лсфяйни;1;окчя сяксцх;0
гнмю 3;3;31;ункняр (ме гюлсфел);1;28;0;мер;лсфяйни;1;аюгнбше сяксцх;1
гнмю 2;51;48;ункняр (ме гюлсфел);12;64;22;мер;фемяйхи;1;аюгнбше сяксцх;0
гнмю 3;33;41;ункняр (ме гюлсфел);15;37;11;мер;лсфяйни;1;аюгнбше сяксцх;0
гнмю 3;14;47;фемюр (гюлсфел);7;48;13;мер;лсфяйни;2;аюгнбше сяксцх;0
гнмю 1;17;42;фемюр (гюлсфел);6;131;6;мер;лсфяйни;3;щкейрпнммше сяксцх;1
гнмю 3;19;29;фемюр (гюлсфел);9;18;2;мер;лсфяйни;3;аюгнбше сяксцх;1
гнмю 2;58;36;ункняр (ме гюлсфел);10;38;14;мер;фемяйхи;1;щкейрпнммше сяксцх;0
гнмю 3;22;23;ункняр (ме гюлсфел);3;37;4;мер;фемяйхи;3;бяе сяксцх;0
гнмю 2;29;31;фемюр (гюлсфел);1;60;6;мер;лсфяйни;5;щкейрпнммше сяксцх;1
гнмю 3;14;22;фемюр (гюлсфел);2;13;0;мер;фемяйхи;4;щкейрпнммше сяксцх;1
гнмю 2;70;64;фемюр (гюлсфел);18;98;31;мер;фемяйхи;2;бяе сяксцх;0
гнмю 1;62;52;фемюр (гюлсфел);2;195;23;мер;лсфяйни;2;окчя сяксцх;1
гнмю 2;7;35;фемюр (гюлсфел);0;47;14;мер;лсфяйни;5;аюгнбше сяксцх;1
гнмю 1;56;47;фемюр (гюлсфел);19;65;22;мер;лсфяйни;3;бяе сяксцх;0
гнмю 1;50;50;фемюр (гюлсфел);22;150;5;мер;фемяйхи;4;щкейрпнммше сяксцх;1
гнмю 2;57;39;ункняр (ме гюлсфел);6;106;8;мер;лсфяйни;1;окчя сяксцх;0
гнмю 3;2;40;ункняр (ме гюлсфел);19;51;14;мер;фемяйхи;1;аюгнбше сяксцх;0
гнмю 2;40;38;ункняр (ме гюлсфел);17;96;0;мер;фемяйхи;1;аюгнбше сяксцх;0
гнмю 2;6;43;ункняр (ме гюлсфел);4;33;7;мер;лсфяйни;2;окчя сяксцх;0
гнмю 3;23;25;фемюр (гюлсфел);6;38;1;мер;фемяйхи;3;окчя сяксцх;0
гнмю 3;11;32;ункняр (ме гюлсфел);6;125;5;мер;лсфяйни;1;бяе сяксцх;1
гнмю 1;29;37;фемюр (гюлсфел);13;145;0;мер;фемяйхи;4;бяе сяксцх;0
гнмю 1;42;44;фемюр (гюлсфел);2;99;21;мер;лсфяйни;3;окчя сяксцх;0
гнмю 1;20;34;фемюр (гюлсфел);2;22;0;мер;фемяйхи;3;бяе сяксцх;0
гнмю 2;72;60;фемюр (гюлсфел);21;31;38;дю;лсфяйни;2;щкейрпнммше сяксцх;0
гнмю 1;2;36;ункняр (ме гюлсфел);3;25;6;мер;фемяйхи;1;окчя сяксцх;0
гнмю 3;46;25;ункняр (ме гюлсфел);5;57;0;мер;фемяйхи;2;аюгнбше сяксцх;0
гнмю 2;39;51;фемюр (гюлсфел);21;41;20;мер;лсфяйни;6;бяе сяксцх;0
гнмю 3;24;25;фемюр (гюлсфел);1;20;1;мер;фемяйхи;2;щкейрпнммше сяксцх;1
гнмю 3;59;43;фемюр (гюлсфел);4;101;22;мер;фемяйхи;5;щкейрпнммше сяксцх;0
гнмю 1;65;37;ункняр (ме гюлсфел);8;56;15;мер;лсфяйни;1;щкейрпнммше сяксцх;0
гнмю 2;50;27;фемюр (гюлсфел);5;22;5;мер;фемяйхи;3;аюгнбше сяксцх;0
гнмю 1;57;37;ункняр (ме гюлсфел);11;108;9;мер;фемяйхи;1;окчя сяксцх;0
гнмю 3;61;48;ункняр (ме гюлсфел);14;115;20;мер;фемяйхи;1;бяе сяксцх;0
гнмю 3;34;54;ункняр (ме гюлсфел);31;53;22;мер;лсфяйни;1;бяе сяксцх;0
гнмю 3;38;53;ункняр (ме гюлсфел);13;242;12;мер;лсфяйни;1;бяе сяксцх;0
гнмю 1;3;24;фемюр (гюлсфел);2;20;3;мер;фемяйхи;5;окчя сяксцх;0
гнмю 2;4;47;ункняр (ме гюлсфел);5;123;11;мер;лсфяйни;1;аюгнбше сяксцх;0
гнмю 2;15;35;ункняр (ме гюлсфел);0;34;12;мер;лсфяйни;1;аюгнбше сяксцх;0
гнмю 1;25;29;фемюр (гюлсфел);8;31;3;мер;фемяйхи;5;щкейрпнммше сяксцх;1
гнмю 3;21;44;ункняр (ме гюлсфел);25;47;12;мер;фемяйхи;2;окчя сяксцх;0
гнмю 3;50;37;фемюр (гюлсфел);11;48;8;мер;фемяйхи;2;окчя сяксцх;0
гнмю 2;65;64;фемюр (гюлсфел);22;13;5;дю;фемяйхи;3;окчя сяксцх;0
гнмю 2;59;52;фемюр (гюлсфел);18;78;25;мер;лсфяйни;2;аюгнбше сяксцх;0
гнмю 3;29;26;ункняр (ме гюлсфел);7;34;7;мер;фемяйхи;2;окчя сяксцх;0
гнмю 1;60;46;ункняр (ме гюлсфел);17;81;9;мер;фемяйхи;1;щкейрпнммше сяксцх;0
гнмю 1;71;45;фемюр (гюлсфел);14;86;25;мер;лсфяйни;2;щкейрпнммше сяксцх;0
гнмю 3;38;27;фемюр (гюлсфел);0;26;2;мер;лсфяйни;4;бяе сяксцх;1
гнмю 3;16;34;фемюр (гюлсфел);5;51;8;мер;фемяйхи;5;аюгнбше сяксцх;0
гнмю 3;7;31;ункняр (ме гюлсфел);10;59;10;мер;лсфяйни;1;аюгнбше сяксцх;0
гнмю 1;59;53;ункняр (ме гюлсфел);21;112;16;мер;лсфяйни;1;щкейрпнммше сяксцх;1
гнмю 2;22;56;фемюр (гюлсфел);14;57;28;мер;лсфяйни;2;бяе сяксцх;0
гнмю 1;18;48;фемюр (гюлсфел);20;41;2;мер;фемяйхи;2;аюгнбше сяксцх;0
гнмю 2;64;46;фемюр (гюлсфел);19;168;26;мер;фемяйхи;2;бяе сяксцх;0
гнмю 2;7;33;ункняр (ме гюлсфел);4;29;4;мер;фемяйхи;3;аюгнбше сяксцх;1
гнмю 3;65;58;ункняр (ме гюлсфел);13;167;14;мер;фемяйхи;2;щкейрпнммше сяксцх;0
гнмю 3;7;24;ункняр (ме гюлсфел);5;29;3;мер;лсфяйни;3;аюгнбше сяксцх;1
гнмю 1;64;55;ункняр (ме гюлсфел);28;104;26;мер;фемяйхи;1;окчя сяксцх;0
гнмю 3;42;22;фемюр (гюлсфел);0;46;0;мер;лсфяйни;2;бяе сяксцх;1
гнмю 3;33;26;ункняр (ме гюлсфел);5;46;1;мер;фемяйхи;3;бяе сяксцх;0
гнмю 1;3;33;ункняр (ме гюлсфел);8;51;0;мер;фемяйхи;1;аюгнбше сяксцх;1
гнмю 2;69;42;фемюр (гюлсфел);11;65;18;мер;лсфяйни;2;бяе сяксцх;0
гнмю 2;9;33;ункняр (ме гюлсфел);1;48;13;мер;лсфяйни;2;аюгнбше сяксцх;0
гнмю 3;22;34;фемюр (гюлсфел);1;46;1;мер;лсфяйни;4;щкейрпнммше сяксцх;0
гнмю 2;53;63;фемюр (гюлсфел);15;43;18;мер;лсфяйни;2;щкейрпнммше сяксцх;0
гнмю 3;71;53;ункняр (ме гюлсфел);30;110;34;мер;лсфяйни;1;щкейрпнммше сяксцх;0
гнмю 3;24;26;ункняр (ме гюлсфел);2;32;2;мер;лсфяйни;3;аюгнбше сяксцх;0
гнмю 3;12;22;фемюр (гюлсфел);1;18;0;мер;фемяйхи;2;аюгнбше сяксцх;0
гнмю 1;25;39;фемюр (гюлсфел);1;26;0;мер;лсфяйни;4;щкейрпнммше сяксцх;1
гнмю 3;63;28;фемюр (гюлсфел);9;34;10;мер;фемяйхи;6;окчя сяксцх;0
гнмю 1;33;54;фемюр (гюлсфел);18;57;4;мер;фемяйхи;3;окчя сяксцх;1
гнмю 2;57;54;фемюр (гюлсфел);20;21;0;мер;фемяйхи;3;аюгнбше сяксцх;0
гнмю 3;13;33;ункняр (ме гюлсфел);7;38;10;мер;фемяйхи;1;бяе сяксцх;0
гнмю 1;13;21;ункняр (ме гюлсфел);2;19;0;мер;фемяйхи;1;щкейрпнммше сяксцх;1
гнмю 1;71;39;ункняр (ме гюлсфел);2;40;17;мер;лсфяйни;1;окчя сяксцх;0
гнмю 3;18;69;фемюр (гюлсфел);11;58;8;мер;лсфяйни;2;бяе сяксцх;0
гнмю 1;17;51;фемюр (гюлсфел);10;95;15;мер;фемяйхи;2;аюгнбше сяксцх;1
гнмю 2;22;43;ункняр (ме гюлсфел);4;114;19;мер;лсфяйни;1;аюгнбше сяксцх;0
гнмю 2;65;65;фемюр (гюлсфел);27;128;24;мер;лсфяйни;2;окчя сяксцх;0
гнмю 3;7;40;ункняр (ме гюлсфел);9;33;2;мер;фемяйхи;1;аюгнбше сяксцх;0
гнмю 3;72;66;ункняр (ме гюлсфел);30;460;41;мер;фемяйхи;1;бяе сяксцх;0
гнмю 1;35;43;ункняр (ме гюлсфел);12;224;17;мер;лсфяйни;1;аюгнбше сяксцх;0
гнмю 1;24;39;ункняр (ме гюлсфел);2;122;12;мер;лсфяйни;3;бяе сяксцх;0
гнмю 1;64;24;фемюр (гюлсфел);0;23;1;мер;фемяйхи;5;щкейрпнммше сяксцх;0
гнмю 2;63;63;фемюр (гюлсфел);19;191;27;мер;лсфяйни;2;щкейрпнммше сяксцх;0
гнмю 1;38;31;фемюр (гюлсфел);7;187;6;мер;лсфяйни;3;бяе сяксцх;1
гнмю 2;29;37;фемюр (гюлсфел);9;119;12;мер;лсфяйни;3;аюгнбше сяксцх;0
гнмю 1;72;69;фемюр (гюлсфел);49;44;44;дю;фемяйхи;2;окчя сяксцх;0
гнмю 1;10;27;фемюр (гюлсфел);2;15;2;мер;фемяйхи;2;бяе сяксцх;1
гнмю 3;72;64;ункняр (ме гюлсфел);41;674;37;мер;фемяйхи;1;окчя сяксцх;0
гнмю 3;52;23;фемюр (гюлсфел);4;33;0;мер;фемяйхи;2;окчя сяксцх;0
гнмю 3;13;55;ункняр (ме гюлсфел);3;250;35;мер;фемяйхи;2;аюгнбше сяксцх;0
гнмю 1;3;33;ункняр (ме гюлсфел);6;64;0;мер;лсфяйни;2;аюгнбше сяксцх;1
гнмю 3;39;24;фемюр (гюлсфел);2;26;4;мер;лсфяйни;4;аюгнбше сяксцх;1
гнмю 2;28;29;ункняр (ме гюлсфел);4;23;5;мер;лсфяйни;2;щкейрпнммше сяксцх;0
гнмю 2;46;42;ункняр (ме гюлсфел);9;52;7;мер;лсфяйни;3;щкейрпнммше сяксцх;0
гнмю 2;62;46;ункняр (ме гюлсфел);27;200;9;мер;фемяйхи;1;аюгнбше сяксцх;0
гнмю 2;23;33;фемюр (гюлсфел);7;28;4;мер;лсфяйни;2;окчя сяксцх;0
гнмю 3;23;25;фемюр (гюлсфел);5;19;0;мер;лсфяйни;3;бяе сяксцх;1
гнмю 2;72;61;фемюр (гюлсфел);39;76;21;мер;лсфяйни;2;бяе сяксцх;0
гнмю 3;56;60;ункняр (ме гюлсфел);26;70;20;мер;лсфяйни;1;аюгнбше сяксцх;0
гнмю 1;8;30;ункняр (ме гюлсфел);1;34;9;мер;фемяйхи;1;окчя сяксцх;0
гнмю 3;3;36;ункняр (ме гюлсфел);7;34;3;мер;фемяйхи;3;бяе сяксцх;0
гнмю 3;37;37;ункняр (ме гюлсфел);7;172;13;мер;лсфяйни;1;аюгнбше сяксцх;0
гнмю 3;37;53;фемюр (гюлсфел);13;48;10;мер;лсфяйни;3;окчя сяксцх;0
гнмю 2;6;30;ункняр (ме гюлсфел);9;45;2;мер;фемяйхи;1;аюгнбше сяксцх;1
гнмю 1;48;47;ункняр (ме гюлсфел);9;72;13;мер;лсфяйни;5;бяе сяксцх;1
гнмю 2;43;43;фемюр (гюлсфел);3;55;18;мер;фемяйхи;4;бяе сяксцх;0
гнмю 2;21;29;ункняр (ме гюлсфел);7;40;2;мер;фемяйхи;4;аюгнбше сяксцх;0
гнмю 3;6;33;ункняр (ме гюлсфел);12;26;0;мер;лсфяйни;1;окчя сяксцх;1
гнмю 2;69;51;ункняр (ме гюлсфел);18;96;33;мер;лсфяйни;4;окчя сяксцх;0
гнмю 1;22;33;ункняр (ме гюлсфел);9;54;10;мер;лсфяйни;1;окчя сяксцх;0
гнмю 1;28;40;фемюр (гюлсфел);1;47;9;мер;фемяйхи;3;окчя сяксцх;0
гнмю 1;71;47;фемюр (гюлсфел);23;142;30;мер;лсфяйни;2;щкейрпнммше сяксцх;0
гнмю 2;7;37;ункняр (ме гюлсфел);5;57;1;мер;лсфяйни;1;аюгнбше сяксцх;0
гнмю 1;63;29;ункняр (ме гюлсфел);10;20;7;мер;лсфяйни;2;бяе сяксцх;0
гнмю 2;53;57;ункняр (ме гюлсфел);25;37;7;мер;лсфяйни;1;щкейрпнммше сяксцх;0
гнмю 2;50;52;фемюр (гюлсфел);17;36;16;мер;лсфяйни;4;бяе сяксцх;0
гнмю 2;39;31;фемюр (гюлсфел);6;24;2;мер;лсфяйни;2;бяе сяксцх;0
гнмю 3;16;19;ункняр (ме гюлсфел);0;21;0;мер;фемяйхи;1;аюгнбше сяксцх;0
гнмю 3;43;51;фемюр (гюлсфел);15;186;25;мер;лсфяйни;2;бяе сяксцх;0
гнмю 3;44;31;ункняр (ме гюлсфел);12;30;7;мер;фемяйхи;3;аюгнбше сяксцх;0
гнмю 2;72;66;фемюр (гюлсфел);43;96;16;мер;фемяйхи;2;бяе сяксцх;0
гнмю 3;61;76;ункняр (ме гюлсфел);39;15;29;дю;лсфяйни;1;окчя сяксцх;0
гнмю 3;43;21;фемюр (гюлсфел);1;25;4;мер;лсфяйни;4;щкейрпнммше сяксцх;1
гнмю 3;24;39;ункняр (ме гюлсфел);11;49;7;мер;фемяйхи;1;аюгнбше сяксцх;0
гнмю 3;64;45;ункняр (ме гюлсфел);4;38;7;мер;фемяйхи;1;окчя сяксцх;1
гнмю 2;64;38;ункняр (ме гюлсфел);0;29;2;мер;лсфяйни;2;щкейрпнммше сяксцх;0
гнмю 1;24;26;ункняр (ме гюлсфел);7;55;7;мер;фемяйхи;1;аюгнбше сяксцх;0
гнмю 3;33;55;фемюр (гюлсфел);21;64;10;мер;фемяйхи;3;аюгнбше сяксцх;0
гнмю 2;33;33;фемюр (гюлсфел);12;42;7;мер;фемяйхи;5;щкейрпнммше сяксцх;0
гнмю 1;2;40;ункняр (ме гюлсфел);9;134;2;мер;лсфяйни;1;аюгнбше сяксцх;0
гнмю 2;42;48;фемюр (гюлсфел);22;82;21;мер;фемяйхи;5;бяе сяксцх;0
гнмю 1;52;54;фемюр (гюлсфел);5;153;10;мер;лсфяйни;2;щкейрпнммше сяксцх;1
гнмю 1;45;66;ункняр (ме гюлсфел);43;144;13;мер;фемяйхи;1;щкейрпнммше сяксцх;0
гнмю 3;3;25;ункняр (ме гюлсфел);4;22;0;мер;лсфяйни;2;бяе сяксцх;1
гнмю 2;37;53;фемюр (гюлсфел);16;35;16;мер;фемяйхи;4;окчя сяксцх;0
гнмю 2;28;57;ункняр (ме гюлсфел);33;82;22;мер;фемяйхи;1;щкейрпнммше сяксцх;1
гнмю 3;40;63;фемюр (гюлсфел);9;61;22;мер;лсфяйни;2;аюгнбше сяксцх;0
гнмю 2;37;33;ункняр (ме гюлсфел);1;102;12;мер;лсфяйни;1;бяе сяксцх;0
гнмю 3;7;27;ункняр (ме гюлсфел);5;31;4;мер;лсфяйни;5;бяе сяксцх;1
гнмю 1;71;56;ункняр (ме гюлсфел);23;170;30;мер;фемяйхи;1;бяе сяксцх;0
гнмю 2;19;46;ункняр (ме гюлсфел);11;26;0;мер;фемяйхи;1;аюгнбше сяксцх;0
гнмю 2;61;40;ункняр (ме гюлсфел);15;85;15;мер;фемяйхи;1;окчя сяксцх;0
гнмю 3;70;53;фемюр (гюлсфел);16;183;35;мер;фемяйхи;2;щкейрпнммше сяксцх;0
гнмю 2;60;55;фемюр (гюлсфел);13;67;18;мер;фемяйхи;2;аюгнбше сяксцх;0
гнмю 3;48;45;фемюр (гюлсфел);5;42;11;мер;фемяйхи;2;аюгнбше сяксцх;0
гнмю 1;8;63;фемюр (гюлсфел);1;31;9;мер;лсфяйни;2;окчя сяксцх;0
гнмю 2;58;58;фемюр (гюлсфел);10;96;17;мер;лсфяйни;4;окчя сяксцх;0
гнмю 1;16;24;фемюр (гюлсфел);5;24;2;мер;лсфяйни;5;окчя сяксцх;0
гнмю 2;33;33;ункняр (ме гюлсфел);4;53;14;мер;фемяйхи;1;аюгнбше сяксцх;0
гнмю 2;39;25;ункняр (ме гюлсфел);4;18;0;мер;фемяйхи;1;окчя сяксцх;0
гнмю 1;62;51;ункняр (ме гюлсфел);10;43;19;мер;лсфяйни;2;щкейрпнммше сяксцх;0
гнмю 1;50;34;ункняр (ме гюлсфел);10;104;9;мер;лсфяйни;1;бяе сяксцх;0
гнмю 2;48;55;ункняр (ме гюлсфел);31;26;1;мер;лсфяйни;1;аюгнбше сяксцх;0
гнмю 3;31;62;ункняр (ме гюлсфел);5;56;26;мер;фемяйхи;1;окчя сяксцх;0
гнмю 2;65;33;фемюр (гюлсфел);9;49;6;мер;лсфяйни;5;щкейрпнммше сяксцх;0
гнмю 1;36;58;ункняр (ме гюлсфел);34;80;21;мер;фемяйхи;1;щкейрпнммше сяксцх;0
гнмю 1;61;46;ункняр (ме гюлсфел);5;318;18;мер;фемяйхи;1;окчя сяксцх;0
гнмю 2;48;42;ункняр (ме гюлсфел);21;35;5;мер;лсфяйни;1;окчя сяксцх;0
гнмю 3;35;45;ункняр (ме гюлсфел);17;29;6;мер;лсфяйни;1;аюгнбше сяксцх;0
гнмю 1;51;28;ункняр (ме гюлсфел);8;43;1;мер;лсфяйни;5;бяе сяксцх;0
гнмю 2;49;51;фемюр (гюлсфел);5;80;3;мер;лсфяйни;2;бяе сяксцх;1
гнмю 1;35;39;фемюр (гюлсфел);11;30;2;мер;фемяйхи;3;окчя сяксцх;1
гнмю 1;58;70;ункняр (ме гюлсфел);2;9;24;дю;фемяйхи;1;щкейрпнммше сяксцх;0
гнмю 1;23;35;фемюр (гюлсфел);0;23;1;мер;лсфяйни;5;окчя сяксцх;0
гнмю 2;26;39;фемюр (гюлсфел);15;58;9;мер;фемяйхи;2;окчя сяксцх;0
гнмю 1;38;37;фемюр (гюлсфел);1;52;20;мер;фемяйхи;4;бяе сяксцх;0
гнмю 1;35;66;фемюр (гюлсфел);44;14;12;дю;фемяйхи;2;окчя сяксцх;0
гнмю 2;37;50;ункняр (ме гюлсфел);9;110;21;мер;фемяйхи;1;окчя сяксцх;0
гнмю 2;48;43;фемюр (гюлсфел);1;60;12;мер;лсфяйни;2;щкейрпнммше сяксцх;0
гнмю 3;13;43;фемюр (гюлсфел);1;123;21;мер;лсфяйни;5;бяе сяксцх;0
гнмю 1;72;63;фемюр (гюлсфел);29;15;31;дю;лсфяйни;2;окчя сяксцх;0
гнмю 1;30;27;ункняр (ме гюлсфел);4;47;2;мер;фемяйхи;2;щкейрпнммше сяксцх;1
гнмю 1;24;43;ункняр (ме гюлсфел);14;138;11;мер;фемяйхи;1;окчя сяксцх;0
гнмю 2;25;51;фемюр (гюлсфел);20;359;29;мер;лсфяйни;2;бяе сяксцх;0
гнмю 2;50;52;ункняр (ме гюлсфел);30;214;22;мер;лсфяйни;1;бяе сяксцх;0
гнмю 2;28;40;ункняр (ме гюлсфел);7;64;19;мер;лсфяйни;1;окчя сяксцх;0
гнмю 3;34;51;ункняр (ме гюлсфел);8;50;14;мер;лсфяйни;1;аюгнбше сяксцх;0
гнмю 1;48;32;ункняр (ме гюлсфел);2;88;9;мер;лсфяйни;1;бяе сяксцх;0
гнмю 2;42;36;фемюр (гюлсфел);8;86;15;мер;фемяйхи;2;щкейрпнммше сяксцх;0
гнмю 3;67;65;фемюр (гюлсфел);30;17;29;дю;фемяйхи;2;окчя сяксцх;0
гнмю 1;17;41;фемюр (гюлсфел);7;25;17;мер;лсфяйни;3;окчя сяксцх;0
гнмю 1;29;38;фемюр (гюлсфел);19;46;6;мер;лсфяйни;2;щкейрпнммше сяксцх;0
гнмю 3;66;61;ункняр (ме гюлсфел);26;361;40;мер;фемяйхи;1;щкейрпнммше сяксцх;0
гнмю 2;1;21;ункняр (ме гюлсфел);1;18;0;мер;фемяйхи;1;аюгнбше сяксцх;1
гнмю 1;28;33;фемюр (гюлсфел);3;14;1;мер;лсфяйни;3;бяе сяксцх;1
гнмю 1;15;35;фемюр (гюлсфел);5;34;8;мер;лсфяйни;2;щкейрпнммше сяксцх;1
гнмю 2;12;64;ункняр (ме гюлсфел);13;9;6;дю;фемяйхи;1;окчя сяксцх;0
гнмю 3;48;49;ункняр (ме гюлсфел);18;39;5;мер;фемяйхи;1;бяе сяксцх;1
гнмю 2;59;25;фемюр (гюлсфел);4;18;2;мер;лсфяйни;4;аюгнбше сяксцх;0
гнмю 3;8;26;фемюр (гюлсфел);1;25;1;мер;лсфяйни;2;аюгнбше сяксцх;1
гнмю 1;45;52;ункняр (ме гюлсфел);15;46;8;мер;фемяйхи;1;щкейрпнммше сяксцх;1
гнмю 1;25;39;фемюр (гюлсфел);8;94;11;мер;фемяйхи;4;щкейрпнммше сяксцх;1
гнмю 1;21;44;фемюр (гюлсфел);4;26;2;мер;лсфяйни;2;бяе сяксцх;0
гнмю 2;17;68;фемюр (гюлсфел);1;335;35;мер;фемяйхи;3;бяе сяксцх;0
гнмю 2;41;45;ункняр (ме гюлсфел);14;25;6;мер;лсфяйни;1;аюгнбше сяксцх;1
гнмю 1;13;45;фемюр (гюлсфел);3;99;8;мер;фемяйхи;2;окчя сяксцх;1
гнмю 2;1;26;фемюр (гюлсфел);3;30;7;мер;фемяйхи;5;аюгнбше сяксцх;1
гнмю 3;3;31;фемюр (гюлсфел);4;35;2;мер;фемяйхи;3;бяе сяксцх;1
гнмю 1;23;27;фемюр (гюлсфел);2;51;1;мер;фемяйхи;2;аюгнбше сяксцх;1
гнмю 3;26;42;ункняр (ме гюлсфел);20;49;13;мер;лсфяйни;1;бяе сяксцх;1
гнмю 1;37;51;фемюр (гюлсфел);15;54;15;мер;лсфяйни;3;окчя сяксцх;0
гнмю 3;5;30;ункняр (ме гюлсфел);3;46;7;мер;лсфяйни;1;щкейрпнммше сяксцх;1
гнмю 1;32;27;фемюр (гюлсфел);3;91;1;мер;фемяйхи;3;бяе сяксцх;1
гнмю 3;12;22;ункняр (ме гюлсфел);1;23;0;мер;лсфяйни;2;аюгнбше сяксцх;0
гнмю 1;72;54;фемюр (гюлсфел);6;345;32;мер;лсфяйни;2;окчя сяксцх;0
гнмю 3;3;25;фемюр (гюлсфел);2;45;0;мер;фемяйхи;2;аюгнбше сяксцх;1
гнмю 1;54;43;ункняр (ме гюлсфел);12;53;12;мер;лсфяйни;1;окчя сяксцх;0
гнмю 2;26;26;ункняр (ме гюлсфел);2;14;6;мер;фемяйхи;1;бяе сяксцх;1
гнмю 3;14;36;ункняр (ме гюлсфел);13;67;4;мер;фемяйхи;1;аюгнбше сяксцх;0
гнмю 3;22;51;ункняр (ме гюлсфел);27;49;1;мер;лсфяйни;1;аюгнбше сяксцх;0
гнмю 3;65;47;фемюр (гюлсфел);18;37;15;мер;фемяйхи;4;аюгнбше сяксцх;0
гнмю 3;26;45;ункняр (ме гюлсфел);18;33;9;мер;лсфяйни;1;аюгнбше сяксцх;0
гнмю 1;20;37;ункняр (ме гюлсфел);5;46;10;мер;фемяйхи;4;бяе сяксцх;0
гнмю 2;67;60;фемюр (гюлсфел);32;93;21;мер;лсфяйни;4;щкейрпнммше сяксцх;0
гнмю 1;34;55;ункняр (ме гюлсфел);2;48;11;мер;лсфяйни;1;аюгнбше сяксцх;0
гнмю 1;37;54;фемюр (гюлсфел);35;183;22;мер;лсфяйни;3;окчя сяксцх;0
гнмю 2;22;23;фемюр (гюлсфел);3;16;5;мер;лсфяйни;4;аюгнбше сяксцх;0
гнмю 2;5;69;ункняр (ме гюлсфел);0;11;14;дю;лсфяйни;1;аюгнбше сяксцх;0
гнмю 1;28;31;фемюр (гюлсфел);0;42;5;мер;фемяйхи;3;окчя сяксцх;0
гнмю 1;20;41;фемюр (гюлсфел);7;67;14;мер;фемяйхи;4;аюгнбше сяксцх;0
гнмю 3;72;41;ункняр (ме гюлсфел);20;181;12;мер;лсфяйни;1;бяе сяксцх;0
гнмю 2;30;43;ункняр (ме гюлсфел);18;53;6;мер;лсфяйни;1;аюгнбше сяксцх;0
гнмю 3;71;52;ункняр (ме гюлсфел);17;172;32;мер;лсфяйни;1;бяе сяксцх;0
гнмю 2;56;44;ункняр (ме гюлсфел);24;87;19;мер;лсфяйни;1;окчя сяксцх;0
гнмю 1;8;29;фемюр (гюлсфел);2;21;0;мер;лсфяйни;2;аюгнбше сяксцх;1
гнмю 2;32;65;ункняр (ме гюлсфел);6;9;30;дю;фемяйхи;1;щкейрпнммше сяксцх;0
гнмю 2;46;47;ункняр (ме гюлсфел);22;144;22;мер;фемяйхи;2;окчя сяксцх;1
гнмю 3;60;45;фемюр (гюлсфел);23;117;11;мер;лсфяйни;3;бяе сяксцх;0
гнмю 2;42;32;фемюр (гюлсфел);0;59;4;мер;фемяйхи;6;бяе сяксцх;0
гнмю 3;71;60;фемюр (гюлсфел);39;508;35;мер;лсфяйни;4;бяе сяксцх;0
гнмю 2;72;63;фемюр (гюлсфел);40;222;43;дю;фемяйхи;2;окчя сяксцх;0
гнмю 3;45;66;ункняр (ме гюлсфел);11;87;25;дю;фемяйхи;1;аюгнбше сяксцх;0
гнмю 3;5;31;ункняр (ме гюлсфел);4;34;9;мер;лсфяйни;1;окчя сяксцх;1
гнмю 2;17;38;фемюр (гюлсфел);19;18;0;мер;фемяйхи;4;щкейрпнммше сяксцх;0
гнмю 2;70;55;ункняр (ме гюлсфел);12;65;24;мер;лсфяйни;1;окчя сяксцх;0
гнмю 3;57;57;фемюр (гюлсфел);19;130;27;мер;фемяйхи;2;щкейрпнммше сяксцх;0
гнмю 1;20;33;ункняр (ме гюлсфел);13;44;8;мер;фемяйхи;1;щкейрпнммше сяксцх;0
гнмю 1;72;52;фемюр (гюлсфел);21;63;24;мер;лсфяйни;3;окчя сяксцх;0
гнмю 3;32;50;ункняр (ме гюлсфел);28;57;20;мер;лсфяйни;1;окчя сяксцх;0
гнмю 3;22;57;фемюр (гюлсфел);7;264;35;мер;фемяйхи;2;окчя сяксцх;0
гнмю 2;6;24;ункняр (ме гюлсфел);2;28;5;мер;лсфяйни;2;окчя сяксцх;1
гнмю 3;32;23;фемюр (гюлсфел);2;26;1;мер;фемяйхи;6;бяе сяксцх;0
гнмю 1;38;33;ункняр (ме гюлсфел);3;38;0;мер;лсфяйни;1;щкейрпнммше сяксцх;0
гнмю 1;53;35;ункняр (ме гюлсфел);15;59;5;мер;фемяйхи;1;окчя сяксцх;0
гнмю 3;37;76;ункняр (ме гюлсфел);38;117;21;мер;фемяйхи;1;аюгнбше сяксцх;0
гнмю 1;47;35;фемюр (гюлсфел);13;70;9;мер;фемяйхи;2;бяе сяксцх;1
гнмю 3;69;59;ункняр (ме гюлсфел);37;104;13;мер;лсфяйни;1;окчя сяксцх;0
гнмю 3;63;56;ункняр (ме гюлсфел);17;71;18;мер;фемяйхи;1;аюгнбше сяксцх;0
гнмю 1;61;34;фемюр (гюлсфел);0;70;7;мер;фемяйхи;3;бяе сяксцх;1
гнмю 1;56;38;фемюр (гюлсфел);8;56;10;мер;лсфяйни;2;бяе сяксцх;0
гнмю 3;40;57;фемюр (гюлсфел);18;68;23;мер;лсфяйни;2;окчя сяксцх;0
гнмю 2;61;45;ункняр (ме гюлсфел);21;80;13;мер;фемяйхи;1;щкейрпнммше сяксцх;0
гнмю 2;16;26;ункняр (ме гюлсфел);7;21;1;мер;лсфяйни;6;бяе сяксцх;0
гнмю 2;7;43;ункняр (ме гюлсфел);4;69;5;мер;фемяйхи;1;аюгнбше сяксцх;0
гнмю 3;20;31;фемюр (гюлсфел);10;39;3;мер;фемяйхи;2;аюгнбше сяксцх;0
гнмю 2;35;38;ункняр (ме гюлсфел);7;90;18;мер;лсфяйни;4;щкейрпнммше сяксцх;0
гнмю 1;60;37;фемюр (гюлсфел);12;64;1;мер;фемяйхи;2;щкейрпнммше сяксцх;0
гнмю 2;47;25;ункняр (ме гюлсфел);2;28;6;мер;лсфяйни;1;бяе сяксцх;0
гнмю 2;33;28;фемюр (гюлсфел);3;24;0;мер;фемяйхи;6;аюгнбше сяксцх;0
гнмю 3;12;34;ункняр (ме гюлсфел);2;44;7;мер;лсфяйни;1;аюгнбше сяксцх;0
гнмю 1;10;31;ункняр (ме гюлсфел);0;32;7;мер;фемяйхи;2;щкейрпнммше сяксцх;1
гнмю 2;69;33;фемюр (гюлсфел);9;52;9;мер;фемяйхи;3;окчя сяксцх;0
гнмю 1;23;20;ункняр (ме гюлсфел);1;15;0;мер;фемяйхи;1;щкейрпнммше сяксцх;0
гнмю 1;53;31;ункняр (ме гюлсфел);10;46;6;мер;лсфяйни;2;щкейрпнммше сяксцх;0
гнмю 2;60;57;фемюр (гюлсфел);14;107;33;мер;фемяйхи;2;окчя сяксцх;0
гнмю 2;33;33;ункняр (ме гюлсфел);7;56;11;мер;лсфяйни;1;аюгнбше сяксцх;0
гнмю 3;67;40;фемюр (гюлсфел);21;40;7;мер;фемяйхи;4;бяе сяксцх;0
гнмю 3;15;38;фемюр (гюлсфел);5;56;13;мер;лсфяйни;3;окчя сяксцх;0
гнмю 3;64;31;фемюр (гюлсфел);5;46;7;мер;фемяйхи;4;щкейрпнммше сяксцх;0
гнмю 2;46;49;фемюр (гюлсфел);13;51;21;мер;лсфяйни;2;аюгнбше сяксцх;1
гнмю 2;72;60;фемюр (гюлсфел);33;12;20;дю;лсфяйни;3;бяе сяксцх;0
гнмю 1;61;43;фемюр (гюлсфел);6;34;6;мер;лсфяйни;3;бяе сяксцх;1
гнмю 3;54;27;ункняр (ме гюлсфел);3;27;6;мер;фемяйхи;5;бяе сяксцх;0
гнмю 3;28;36;ункняр (ме гюлсфел);3;42;7;мер;фемяйхи;1;окчя сяксцх;0
гнмю 2;28;38;ункняр (ме гюлсфел);8;119;2;мер;лсфяйни;3;бяе сяксцх;1
гнмю 2;32;43;ункняр (ме гюлсфел);13;146;27;мер;фемяйхи;1;окчя сяксцх;0
гнмю 2;52;46;ункняр (ме гюлсфел);17;51;13;мер;фемяйхи;3;щкейрпнммше сяксцх;0
гнмю 1;48;62;ункняр (ме гюлсфел);33;86;22;дю;фемяйхи;1;окчя сяксцх;0
гнмю 3;52;42;фемюр (гюлсфел);17;27;8;мер;фемяйхи;2;окчя сяксцх;0
гнмю 1;37;43;ункняр (ме гюлсфел);8;38;9;мер;лсфяйни;1;щкейрпнммше сяксцх;0
гнмю 1;41;52;ункняр (ме гюлсфел);26;928;29;мер;лсфяйни;3;окчя сяксцх;0
гнмю 2;43;27;фемюр (гюлсфел);3;21;1;мер;фемяйхи;3;щкейрпнммше сяксцх;0
гнмю 3;67;60;ункняр (ме гюлсфел);24;24;6;мер;фемяйхи;1;окчя сяксцх;0
гнмю 3;61;52;фемюр (гюлсфел);30;91;25;мер;фемяйхи;2;аюгнбше сяксцх;0
гнмю 3;70;39;фемюр (гюлсфел);20;38;8;мер;фемяйхи;4;окчя сяксцх;0
гнмю 3;44;32;фемюр (гюлсфел);1;96;5;мер;фемяйхи;4;бяе сяксцх;0
гнмю 3;46;45;ункняр (ме гюлсфел);12;96;17;мер;лсфяйни;1;щкейрпнммше сяксцх;0
гнмю 3;39;34;ункняр (ме гюлсфел);2;54;5;мер;лсфяйни;1;аюгнбше сяксцх;0
гнмю 2;39;59;ункняр (ме гюлсфел);20;1668;27;мер;фемяйхи;1;щкейрпнммше сяксцх;0
гнмю 2;50;29;фемюр (гюлсфел);10;53;0;мер;фемяйхи;4;бяе сяксцх;0
гнмю 3;5;31;ункняр (ме гюлсфел);1;21;1;мер;фемяйхи;2;аюгнбше сяксцх;1
гнмю 2;10;34;ункняр (ме гюлсфел);1;52;3;мер;фемяйхи;1;щкейрпнммше сяксцх;1
гнмю 1;72;69;ункняр (ме гюлсфел);45;17;36;дю;фемяйхи;1;щкейрпнммше сяксцх;0
гнмю 2;68;60;ункняр (ме гюлсфел);40;262;39;мер;фемяйхи;1;окчя сяксцх;0
гнмю 3;58;28;ункняр (ме гюлсфел);5;34;1;мер;фемяйхи;1;щкейрпнммше сяксцх;0
гнмю 3;18;44;фемюр (гюлсфел);10;107;19;мер;фемяйхи;7;аюгнбше сяксцх;0
гнмю 1;65;45;фемюр (гюлсфел);25;67;13;мер;фемяйхи;2;окчя сяксцх;0
гнмю 3;8;45;ункняр (ме гюлсфел);1;37;0;мер;лсфяйни;1;щкейрпнммше сяксцх;1
гнмю 2;1;20;ункняр (ме гюлсфел);1;21;0;мер;фемяйхи;2;аюгнбше сяксцх;1
гнмю 3;42;58;ункняр (ме гюлсфел);7;22;4;мер;фемяйхи;1;щкейрпнммше сяксцх;0
гнмю 1;4;25;фемюр (гюлсфел);3;71;3;мер;фемяйхи;5;аюгнбше сяксцх;0
гнмю 3;17;35;ункняр (ме гюлсфел);4;77;8;мер;фемяйхи;1;окчя сяксцх;0
гнмю 2;8;24;фемюр (гюлсфел);1;18;0;мер;фемяйхи;5;бяе сяксцх;1
гнмю 1;49;37;фемюр (гюлсфел);17;50;12;мер;фемяйхи;2;щкейрпнммше сяксцх;0
гнмю 1;56;46;фемюр (гюлсфел);21;33;7;мер;лсфяйни;2;щкейрпнммше сяксцх;0
гнмю 1;62;57;фемюр (гюлсфел);21;94;22;мер;лсфяйни;2;бяе сяксцх;0
гнмю 2;42;57;фемюр (гюлсфел);25;209;40;мер;фемяйхи;4;аюгнбше сяксцх;0
гнмю 1;13;32;ункняр (ме гюлсфел);7;31;5;мер;лсфяйни;2;окчя сяксцх;0
гнмю 1;69;46;фемюр (гюлсфел);18;66;19;мер;лсфяйни;4;щкейрпнммше сяксцх;0
гнмю 2;45;59;ункняр (ме гюлсфел);14;51;15;мер;лсфяйни;2;аюгнбше сяксцх;0
гнмю 2;66;42;фемюр (гюлсфел);18;118;20;мер;лсфяйни;2;щкейрпнммше сяксцх;0
гнмю 2;15;35;ункняр (ме гюлсфел);10;25;3;мер;лсфяйни;1;аюгнбше сяксцх;1
гнмю 1;41;44;фемюр (гюлсфел);1;59;21;мер;фемяйхи;3;щкейрпнммше сяксцх;0
гнмю 2;11;20;ункняр (ме гюлсфел);1;20;0;мер;фемяйхи;1;бяе сяксцх;1
гнмю 3;45;30;фемюр (гюлсфел);0;63;4;мер;лсфяйни;4;бяе сяксцх;1
гнмю 1;52;62;ункняр (ме гюлсфел);23;36;17;мер;лсфяйни;1;аюгнбше сяксцх;0
гнмю 1;42;56;ункняр (ме гюлсфел);24;72;18;мер;фемяйхи;1;бяе сяксцх;0
гнмю 2;48;35;ункняр (ме гюлсфел);11;50;16;мер;лсфяйни;3;окчя сяксцх;0
гнмю 3;4;31;ункняр (ме гюлсфел);5;39;5;мер;лсфяйни;2;бяе сяксцх;1
гнмю 3;53;64;фемюр (гюлсфел);10;54;20;мер;фемяйхи;2;бяе сяксцх;0
гнмю 3;1;59;ункняр (ме гюлсфел);4;9;4;дю;лсфяйни;1;окчя сяксцх;0
гнмю 3;19;30;фемюр (гюлсфел);10;33;1;мер;лсфяйни;3;бяе сяксцх;0
гнмю 2;33;30;ункняр (ме гюлсфел);11;28;9;мер;лсфяйни;1;аюгнбше сяксцх;0
гнмю 3;42;36;фемюр (гюлсфел);14;44;11;мер;лсфяйни;3;окчя сяксцх;0
гнмю 1;60;32;ункняр (ме гюлсфел);12;34;4;мер;фемяйхи;2;щкейрпнммше сяксцх;0
гнмю 2;57;51;фемюр (гюлсфел);7;68;18;мер;фемяйхи;3;окчя сяксцх;0
гнмю 1;64;39;ункняр (ме гюлсфел);5;37;9;мер;лсфяйни;1;аюгнбше сяксцх;0
гнмю 2;28;20;фемюр (гюлсфел);1;18;0;мер;лсфяйни;3;бяе сяксцх;0
гнмю 1;29;35;фемюр (гюлсфел);10;55;7;мер;лсфяйни;4;окчя сяксцх;1
гнмю 1;46;31;фемюр (гюлсфел);12;21;5;мер;лсфяйни;5;окчя сяксцх;0
гнмю 1;22;41;фемюр (гюлсфел);9;29;11;мер;лсфяйни;4;аюгнбше сяксцх;1
гнмю 2;10;56;ункняр (ме гюлсфел);26;9;6;дю;лсфяйни;2;аюгнбше сяксцх;0
гнмю 3;50;41;ункняр (ме гюлсфел);16;138;18;мер;фемяйхи;1;щкейрпнммше сяксцх;1
гнмю 1;55;65;ункняр (ме гюлсфел);34;28;12;дю;фемяйхи;1;бяе сяксцх;0
гнмю 2;15;54;ункняр (ме гюлсфел);7;62;11;мер;лсфяйни;1;аюгнбше сяксцх;0
гнмю 1;31;32;фемюр (гюлсфел);13;37;8;мер;фемяйхи;3;бяе сяксцх;0
гнмю 3;5;44;ункняр (ме гюлсфел);5;83;16;мер;фемяйхи;1;щкейрпнммше сяксцх;1
гнмю 2;69;63;ункняр (ме гюлсфел);28;168;43;мер;фемяйхи;2;окчя сяксцх;0
гнмю 2;26;27;фемюр (гюлсфел);4;33;1;мер;лсфяйни;6;бяе сяксцх;1
гнмю 3;10;33;фемюр (гюлсфел);2;66;9;мер;фемяйхи;4;аюгнбше сяксцх;1
гнмю 1;26;30;ункняр (ме гюлсфел);9;18;1;мер;лсфяйни;3;бяе сяксцх;1
гнмю 3;25;30;ункняр (ме гюлсфел);0;20;4;мер;фемяйхи;1;окчя сяксцх;0
гнмю 3;30;23;фемюр (гюлсфел);4;19;1;мер;лсфяйни;4;щкейрпнммше сяксцх;0
гнмю 1;21;39;фемюр (гюлсфел);7;25;1;мер;лсфяйни;4;окчя сяксцх;0
гнмю 1;71;46;ункняр (ме гюлсфел);27;119;7;мер;фемяйхи;1;бяе сяксцх;0
гнмю 3;11;48;фемюр (гюлсфел);5;323;25;мер;лсфяйни;4;окчя сяксцх;1
гнмю 1;24;30;фемюр (гюлсфел);7;45;11;мер;фемяйхи;2;аюгнбше сяксцх;0
гнмю 1;65;59;фемюр (гюлсфел);27;197;26;мер;лсфяйни;2;щкейрпнммше сяксцх;0
гнмю 1;16;34;фемюр (гюлсфел);13;56;10;мер;фемяйхи;3;аюгнбше сяксцх;1
гнмю 3;37;51;фемюр (гюлсфел);26;24;4;мер;лсфяйни;2;щкейрпнммше сяксцх;0
гнмю 1;5;30;ункняр (ме гюлсфел);4;25;6;мер;лсфяйни;1;окчя сяксцх;1
гнмю 1;3;55;фемюр (гюлсфел);9;26;0;мер;фемяйхи;2;щкейрпнммше сяксцх;1
гнмю 1;5;32;ункняр (ме гюлсфел);6;33;3;мер;лсфяйни;2;аюгнбше сяксцх;1
гнмю 1;60;44;фемюр (гюлсфел);4;150;24;мер;лсфяйни;2;бяе сяксцх;0
гнмю 2;19;37;фемюр (гюлсфел);4;99;15;мер;фемяйхи;3;щкейрпнммше сяксцх;1
гнмю 3;54;40;ункняр (ме гюлсфел);19;50;12;мер;фемяйхи;2;бяе сяксцх;0
гнмю 2;25;41;ункняр (ме гюлсфел);3;81;20;мер;фемяйхи;4;окчя сяксцх;0
гнмю 2;1;36;ункняр (ме гюлсфел);6;21;1;мер;лсфяйни;2;щкейрпнммше сяксцх;1
гнмю 3;54;68;ункняр (ме гюлсфел);7;273;27;мер;фемяйхи;1;аюгнбше сяксцх;0
гнмю 1;14;31;фемюр (гюлсфел);9;39;4;мер;фемяйхи;7;аюгнбше сяксцх;0
гнмю 3;14;28;фемюр (гюлсфел);7;17;3;мер;лсфяйни;4;аюгнбше сяксцх;1
гнмю 2;10;45;фемюр (гюлсфел);8;115;17;мер;фемяйхи;4;щкейрпнммше сяксцх;1
гнмю 1;7;23;ункняр (ме гюлсфел);3;27;1;мер;фемяйхи;3;аюгнбше сяксцх;0
гнмю 2;33;45;ункняр (ме гюлсфел);24;35;6;мер;лсфяйни;1;окчя сяксцх;1
гнмю 1;3;23;ункняр (ме гюлсфел);2;20;4;мер;лсфяйни;1;аюгнбше сяксцх;0
гнмю 2;56;58;фемюр (гюлсфел);3;92;25;мер;лсфяйни;3;аюгнбше сяксцх;0
гнмю 2;54;56;ункняр (ме гюлсфел);8;207;35;мер;фемяйхи;1;окчя сяксцх;0
гнмю 1;72;55;фемюр (гюлсфел);28;40;11;мер;лсфяйни;5;щкейрпнммше сяксцх;0
гнмю 1;18;29;ункняр (ме гюлсфел);4;40;1;мер;лсфяйни;1;окчя сяксцх;0
гнмю 3;25;29;ункняр (ме гюлсфел);9;55;1;мер;лсфяйни;1;аюгнбше сяксцх;1
гнмю 1;42;62;ункняр (ме гюлсфел);26;26;35;дю;фемяйхи;1;аюгнбше сяксцх;0
гнмю 3;4;37;ункняр (ме гюлсфел);2;41;8;мер;лсфяйни;1;аюгнбше сяксцх;0
гнмю 2;12;50;фемюр (гюлсфел);16;203;25;мер;лсфяйни;2;аюгнбше сяксцх;1
гнмю 2;53;64;фемюр (гюлсфел);17;380;36;мер;фемяйхи;2;окчя сяксцх;0
гнмю 2;13;38;фемюр (гюлсфел);8;104;6;мер;лсфяйни;7;бяе сяксцх;1
гнмю 3;18;31;фемюр (гюлсфел);12;24;4;мер;лсфяйни;4;щкейрпнммше сяксцх;0
гнмю 3;67;42;фемюр (гюлсфел);20;81;20;мер;фемяйхи;5;бяе сяксцх;0
гнмю 2;6;24;ункняр (ме гюлсфел);2;17;1;мер;лсфяйни;1;окчя сяксцх;0
гнмю 1;25;46;ункняр (ме гюлсфел);13;45;12;мер;фемяйхи;1;окчя сяксцх;0
гнмю 2;15;39;ункняр (ме гюлсфел);19;32;2;мер;лсфяйни;1;щкейрпнммше сяксцх;1
гнмю 3;32;35;ункняр (ме гюлсфел);12;57;5;мер;лсфяйни;1;щкейрпнммше сяксцх;0
гнмю 2;22;39;ункняр (ме гюлсфел);0;63;9;мер;лсфяйни;1;щкейрпнммше сяксцх;1
гнмю 2;8;22;ункняр (ме гюлсфел);3;25;0;мер;лсфяйни;1;окчя сяксцх;0
гнмю 1;3;31;фемюр (гюлсфел);4;22;1;мер;лсфяйни;2;аюгнбше сяксцх;1
гнмю 2;32;54;ункняр (ме гюлсфел);6;155;20;мер;лсфяйни;1;аюгнбше сяксцх;0
гнмю 1;49;54;ункняр (ме гюлсфел);24;30;5;мер;лсфяйни;1;щкейрпнммше сяксцх;0
гнмю 2;2;28;ункняр (ме гюлсфел);7;46;0;мер;фемяйхи;1;бяе сяксцх;0
гнмю 1;39;47;ункняр (ме гюлсфел);1;68;10;мер;фемяйхи;2;щкейрпнммше сяксцх;1
гнмю 1;42;33;ункняр (ме гюлсфел);2;67;5;мер;лсфяйни;2;щкейрпнммше сяксцх;0
гнмю 1;28;36;ункняр (ме гюлсфел);3;69;2;мер;лсфяйни;1;бяе сяксцх;0
гнмю 2;41;46;фемюр (гюлсфел);14;47;11;мер;лсфяйни;5;бяе сяксцх;0
гнмю 3;67;50;фемюр (гюлсфел);31;83;12;мер;лсфяйни;2;щкейрпнммше сяксцх;0
гнмю 1;38;40;ункняр (ме гюлсфел);15;34;11;мер;фемяйхи;1;щкейрпнммше сяксцх;0
гнмю 2;18;38;ункняр (ме гюлсфел);8;45;2;мер;фемяйхи;4;бяе сяксцх;1
гнмю 2;6;42;фемюр (гюлсфел);17;29;2;мер;фемяйхи;2;бяе сяксцх;0
гнмю 2;4;36;ункняр (ме гюлсфел);0;21;1;мер;фемяйхи;3;аюгнбше сяксцх;0
гнмю 1;13;23;фемюр (гюлсфел);3;30;0;мер;фемяйхи;4;бяе сяксцх;0
гнмю 1;20;35;ункняр (ме гюлсфел);0;78;7;мер;лсфяйни;1;бяе сяксцх;1
гнмю 1;34;49;фемюр (гюлсфел);27;61;15;мер;фемяйхи;2;окчя сяксцх;0
гнмю 1;46;29;фемюр (гюлсфел);4;90;3;мер;лсфяйни;4;бяе сяксцх;0
гнмю 1;48;41;ункняр (ме гюлсфел);21;43;7;мер;лсфяйни;1;щкейрпнммше сяксцх;0
гнмю 3;69;61;фемюр (гюлсфел);12;301;37;мер;лсфяйни;2;окчя сяксцх;0
гнмю 1;32;34;фемюр (гюлсфел);7;32;15;мер;лсфяйни;4;аюгнбше сяксцх;0
гнмю 1;29;29;ункняр (ме гюлсфел);9;41;9;мер;лсфяйни;2;щкейрпнммше сяксцх;0
гнмю 3;55;52;ункняр (ме гюлсфел);22;127;28;мер;фемяйхи;3;щкейрпнммше сяксцх;0
гнмю 3;72;60;фемюр (гюлсфел);36;271;43;мер;фемяйхи;2;окчя сяксцх;0
гнмю 3;29;26;ункняр (ме гюлсфел);1;32;2;мер;фемяйхи;1;аюгнбше сяксцх;1
гнмю 2;50;25;фемюр (гюлсфел);1;36;2;мер;фемяйхи;5;бяе сяксцх;0
гнмю 3;35;50;фемюр (гюлсфел);11;293;21;мер;лсфяйни;2;аюгнбше сяксцх;1
гнмю 3;11;63;ункняр (ме гюлсфел);9;41;3;мер;лсфяйни;1;аюгнбше сяксцх;1
гнмю 1;9;29;ункняр (ме гюлсфел);9;39;5;мер;фемяйхи;1;аюгнбше сяксцх;0
гнмю 2;51;48;ункняр (ме гюлсфел);27;58;18;мер;лсфяйни;1;окчя сяксцх;1
гнмю 1;33;34;фемюр (гюлсфел);2;28;3;мер;фемяйхи;3;щкейрпнммше сяксцх;0
гнмю 1;25;20;ункняр (ме гюлсфел);0;15;0;мер;лсфяйни;2;окчя сяксцх;0
гнмю 3;31;34;ункняр (ме гюлсфел);9;105;7;мер;фемяйхи;4;окчя сяксцх;0
гнмю 2;67;40;фемюр (гюлсфел);10;80;8;мер;фемяйхи;2;бяе сяксцх;0
гнмю 3;55;45;ункняр (ме гюлсфел);8;36;9;мер;лсфяйни;3;окчя сяксцх;0
гнмю 3;19;50;ункняр (ме гюлсфел);7;112;3;мер;фемяйхи;1;бяе сяксцх;0
гнмю 1;39;34;фемюр (гюлсфел);11;55;10;мер;фемяйхи;4;бяе сяксцх;0
гнмю 2;52;35;фемюр (гюлсфел);8;40;1;мер;лсфяйни;2;окчя сяксцх;0
гнмю 3;55;37;фемюр (гюлсфел);15;23;0;мер;фемяйхи;5;окчя сяксцх;0
гнмю 2;25;62;ункняр (ме гюлсфел);27;28;33;дю;фемяйхи;1;бяе сяксцх;1
гнмю 3;33;58;ункняр (ме гюлсфел);12;21;23;дю;фемяйхи;1;аюгнбше сяксцх;0
гнмю 2;48;35;ункняр (ме гюлсфел);5;63;12;мер;лсфяйни;2;окчя сяксцх;1
гнмю 2;48;31;фемюр (гюлсфел);12;52;3;мер;лсфяйни;3;бяе сяксцх;0
гнмю 2;49;57;ункняр (ме гюлсфел);3;189;31;мер;фемяйхи;3;аюгнбше сяксцх;0
гнмю 3;54;32;фемюр (гюлсфел);0;50;15;мер;лсфяйни;3;окчя сяксцх;1
гнмю 1;45;32;фемюр (гюлсфел);9;23;15;мер;лсфяйни;4;аюгнбше сяксцх;0
гнмю 3;4;37;фемюр (гюлсфел);1;33;15;мер;фемяйхи;5;аюгнбше сяксцх;1
гнмю 3;49;27;фемюр (гюлсфел);3;29;6;мер;фемяйхи;3;щкейрпнммше сяксцх;1
гнмю 2;23;35;ункняр (ме гюлсфел);2;96;4;мер;лсфяйни;1;бяе сяксцх;1
гнмю 2;31;44;ункняр (ме гюлсфел);23;80;15;мер;лсфяйни;1;щкейрпнммше сяксцх;1
гнмю 2;55;44;фемюр (гюлсфел);2;68;15;мер;лсфяйни;5;окчя сяксцх;0
гнмю 1;9;28;ункняр (ме гюлсфел);7;30;4;мер;фемяйхи;6;аюгнбше сяксцх;0
гнмю 2;55;57;фемюр (гюлсфел);25;34;12;мер;лсфяйни;3;аюгнбше сяксцх;0
гнмю 1;34;30;ункняр (ме гюлсфел);3;35;2;мер;фемяйхи;3;окчя сяксцх;0
гнмю 1;10;23;ункняр (ме гюлсфел);4;36;1;мер;лсфяйни;3;окчя сяксцх;0
гнмю 2;62;76;ункняр (ме гюлсфел);20;35;18;дю;фемяйхи;1;щкейрпнммше сяксцх;0
гнмю 2;51;36;ункняр (ме гюлсфел);13;62;9;мер;лсфяйни;2;бяе сяксцх;0
гнмю 1;65;48;ункняр (ме гюлсфел);28;94;25;мер;лсфяйни;1;щкейрпнммше сяксцх;0
гнмю 3;53;33;ункняр (ме гюлсфел);1;60;6;мер;лсфяйни;2;бяе сяксцх;0
гнмю 1;23;35;ункняр (ме гюлсфел);4;118;11;мер;лсфяйни;1;аюгнбше сяксцх;1
гнмю 3;1;30;ункняр (ме гюлсфел);3;135;3;мер;лсфяйни;3;аюгнбше сяксцх;1
гнмю 3;66;55;ункняр (ме гюлсфел);20;80;24;мер;фемяйхи;1;окчя сяксцх;0
гнмю 3;8;27;фемюр (гюлсфел);0;21;3;мер;фемяйхи;2;щкейрпнммше сяксцх;0
гнмю 3;18;28;фемюр (гюлсфел);3;22;2;мер;фемяйхи;5;аюгнбше сяксцх;0
гнмю 3;36;32;фемюр (гюлсфел);3;63;7;мер;лсфяйни;4;щкейрпнммше сяксцх;0
гнмю 1;13;40;ункняр (ме гюлсфел);16;142;18;мер;фемяйхи;1;аюгнбше сяксцх;1
гнмю 3;4;44;ункняр (ме гюлсфел);15;32;0;мер;фемяйхи;1;окчя сяксцх;1
гнмю 3;20;32;ункняр (ме гюлсфел);10;19;5;мер;лсфяйни;1;щкейрпнммше сяксцх;0
гнмю 1;66;39;фемюр (гюлсфел);12;60;10;мер;лсфяйни;3;бяе сяксцх;0
гнмю 3;67;47;фемюр (гюлсфел);7;97;23;мер;лсфяйни;4;окчя сяксцх;0
гнмю 1;11;24;фемюр (гюлсфел);0;31;3;мер;фемяйхи;4;бяе сяксцх;1
гнмю 1;6;26;ункняр (ме гюлсфел);7;30;1;мер;фемяйхи;2;аюгнбше сяксцх;1
гнмю 2;13;23;фемюр (гюлсфел);4;31;5;мер;фемяйхи;4;аюгнбше сяксцх;0
гнмю 2;2;29;фемюр (гюлсфел);3;44;9;мер;фемяйхи;6;бяе сяксцх;1
гнмю 1;4;40;ункняр (ме гюлсфел);12;38;5;мер;лсфяйни;1;аюгнбше сяксцх;0
гнмю 1;34;63;фемюр (гюлсфел);10;23;0;мер;фемяйхи;2;бяе сяксцх;0
гнмю 1;13;34;фемюр (гюлсфел);6;37;6;мер;лсфяйни;4;окчя сяксцх;0
гнмю 2;37;40;фемюр (гюлсфел);14;26;0;мер;лсфяйни;5;щкейрпнммше сяксцх;0
гнмю 1;45;30;фемюр (гюлсфел);8;38;5;мер;лсфяйни;6;окчя сяксцх;0
гнмю 2;71;70;ункняр (ме гюлсфел);30;153;34;дю;фемяйхи;1;окчя сяксцх;0
гнмю 1;35;40;ункняр (ме гюлсфел);5;49;20;мер;фемяйхи;1;аюгнбше сяксцх;0
гнмю 3;44;41;ункняр (ме гюлсфел);21;51;7;мер;лсфяйни;1;аюгнбше сяксцх;0
гнмю 3;44;45;фемюр (гюлсфел);19;88;21;мер;лсфяйни;2;окчя сяксцх;0
гнмю 1;26;41;фемюр (гюлсфел);20;19;0;мер;фемяйхи;6;аюгнбше сяксцх;0
гнмю 2;42;46;фемюр (гюлсфел);9;31;12;мер;фемяйхи;3;аюгнбше сяксцх;0
гнмю 2;41;47;фемюр (гюлсфел);6;90;19;мер;лсфяйни;3;аюгнбше сяксцх;1
гнмю 1;31;24;фемюр (гюлсфел);3;14;0;мер;лсфяйни;4;аюгнбше сяксцх;0
гнмю 3;62;63;ункняр (ме гюлсфел);43;341;30;мер;лсфяйни;1;окчя сяксцх;1
гнмю 1;12;23;фемюр (гюлсфел);2;24;0;мер;фемяйхи;8;бяе сяксцх;0
гнмю 2;45;49;фемюр (гюлсфел);27;81;7;мер;фемяйхи;4;окчя сяксцх;0
гнмю 1;47;34;фемюр (гюлсфел);4;63;13;мер;фемяйхи;4;аюгнбше сяксцх;0
гнмю 2;23;22;фемюр (гюлсфел);1;27;4;мер;лсфяйни;5;окчя сяксцх;0
гнмю 3;39;34;ункняр (ме гюлсфел);4;20;3;мер;фемяйхи;1;бяе сяксцх;0
гнмю 2;19;26;ункняр (ме гюлсфел);2;48;0;мер;лсфяйни;2;окчя сяксцх;0
гнмю 1;13;54;ункняр (ме гюлсфел);12;121;23;мер;лсфяйни;1;окчя сяксцх;0
гнмю 2;5;33;ункняр (ме гюлсфел);6;39;4;мер;лсфяйни;3;бяе сяксцх;1
гнмю 2;11;19;ункняр (ме гюлсфел);0;21;0;мер;лсфяйни;1;аюгнбше сяксцх;1
гнмю 3;4;32;ункняр (ме гюлсфел);2;53;5;мер;лсфяйни;1;аюгнбше сяксцх;1
гнмю 3;17;42;ункняр (ме гюлсфел);8;58;23;мер;лсфяйни;1;щкейрпнммше сяксцх;1
гнмю 2;7;27;ункняр (ме гюлсфел);3;39;2;мер;лсфяйни;1;аюгнбше сяксцх;1
гнмю 1;19;65;ункняр (ме гюлсфел);3;108;33;мер;лсфяйни;3;окчя сяксцх;0
гнмю 2;32;34;фемюр (гюлсфел);0;38;10;мер;лсфяйни;4;щкейрпнммше сяксцх;0
гнмю 2;53;51;ункняр (ме гюлсфел);31;245;0;мер;лсфяйни;1;щкейрпнммше сяксцх;0
гнмю 1;51;38;ункняр (ме гюлсфел);19;51;18;мер;фемяйхи;1;окчя сяксцх;0
гнмю 1;35;34;ункняр (ме гюлсфел);7;78;10;мер;фемяйхи;1;аюгнбше сяксцх;0
гнмю 1;3;31;фемюр (гюлсфел);4;23;4;мер;лсфяйни;5;бяе сяксцх;1
гнмю 1;22;48;ункняр (ме гюлсфел);7;88;12;мер;лсфяйни;1;аюгнбше сяксцх;1
гнмю 3;17;21;фемюр (гюлсфел);0;25;1;мер;фемяйхи;3;окчя сяксцх;0
гнмю 2;68;39;ункняр (ме гюлсфел);20;73;16;мер;фемяйхи;1;щкейрпнммше сяксцх;0
гнмю 2;27;41;фемюр (гюлсфел);7;62;15;мер;фемяйхи;2;окчя сяксцх;0
гнмю 3;68;52;фемюр (гюлсфел);8;456;30;мер;фемяйхи;4;окчя сяксцх;0
гнмю 3;56;42;фемюр (гюлсфел);10;24;5;мер;лсфяйни;2;окчя сяксцх;0
гнмю 3;11;32;ункняр (ме гюлсфел);8;23;0;мер;фемяйхи;1;аюгнбше сяксцх;0
гнмю 3;5;47;ункняр (ме гюлсфел);7;46;6;мер;фемяйхи;1;аюгнбше сяксцх;1
гнмю 3;16;50;ункняр (ме гюлсфел);5;263;29;мер;фемяйхи;3;окчя сяксцх;0
гнмю 2;59;30;ункняр (ме гюлсфел);2;34;2;мер;фемяйхи;1;щкейрпнммше сяксцх;0
гнмю 1;60;64;ункняр (ме гюлсфел);14;33;13;дю;лсфяйни;1;бяе сяксцх;0
гнмю 3;55;47;ункняр (ме гюлсфел);11;37;11;мер;лсфяйни;1;окчя сяксцх;0
гнмю 1;18;56;ункняр (ме гюлсфел);22;296;25;мер;лсфяйни;1;аюгнбше сяксцх;0
гнмю 2;16;22;ункняр (ме гюлсфел);0;26;0;мер;фемяйхи;3;щкейрпнммше сяксцх;1
гнмю 1;35;57;фемюр (гюлсфел);32;47;12;мер;лсфяйни;2;щкейрпнммше сяксцх;0
гнмю 3;31;23;фемюр (гюлсфел);1;31;1;мер;фемяйхи;2;бяе сяксцх;1
гнмю 2;20;49;фемюр (гюлсфел);5;264;29;мер;фемяйхи;2;аюгнбше сяксцх;0
гнмю 2;16;27;ункняр (ме гюлсфел);5;41;2;мер;фемяйхи;1;бяе сяксцх;1
гнмю 2;69;48;фемюр (гюлсфел);27;55;4;мер;лсфяйни;2;окчя сяксцх;0
гнмю 3;69;66;фемюр (гюлсфел);31;49;15;мер;лсфяйни;2;аюгнбше сяксцх;0
гнмю 2;27;24;фемюр (гюлсфел);3;26;7;мер;фемяйхи;4;аюгнбше сяксцх;1
гнмю 3;48;39;ункняр (ме гюлсфел);20;110;9;мер;лсфяйни;1;окчя сяксцх;0
гнмю 1;18;52;фемюр (гюлсфел);20;66;19;мер;фемяйхи;2;аюгнбше сяксцх;0
гнмю 2;24;40;фемюр (гюлсфел);4;39;5;мер;фемяйхи;2;окчя сяксцх;0
гнмю 2;17;42;ункняр (ме гюлсфел);6;31;2;мер;лсфяйни;1;бяе сяксцх;1
гнмю 2;9;24;фемюр (гюлсфел);3;26;1;мер;фемяйхи;3;аюгнбше сяксцх;0
гнмю 2;15;46;ункняр (ме гюлсфел);5;232;15;мер;фемяйхи;2;бяе сяксцх;1
гнмю 1;62;37;фемюр (гюлсфел);10;43;1;мер;фемяйхи;3;щкейрпнммше сяксцх;0
гнмю 1;9;41;ункняр (ме гюлсфел);12;39;3;мер;лсфяйни;1;аюгнбше сяксцх;1
гнмю 2;71;41;фемюр (гюлсфел);10;73;23;мер;фемяйхи;2;окчя сяксцх;0
гнмю 2;62;59;фемюр (гюлсфел);37;74;20;мер;лсфяйни;2;окчя сяксцх;0
гнмю 2;20;38;ункняр (ме гюлсфел);19;237;13;мер;лсфяйни;1;бяе сяксцх;0
гнмю 1;19;33;фемюр (гюлсфел);11;22;3;мер;лсфяйни;5;окчя сяксцх;0
гнмю 2;49;61;фемюр (гюлсфел);28;21;8;мер;лсфяйни;2;окчя сяксцх;0
гнмю 3;3;64;ункняр (ме гюлсфел);3;9;6;дю;лсфяйни;1;аюгнбше сяксцх;1
гнмю 1;33;36;ункняр (ме гюлсфел);2;41;10;мер;лсфяйни;1;аюгнбше сяксцх;1
гнмю 2;38;44;ункняр (ме гюлсфел);1;50;7;мер;фемяйхи;1;щкейрпнммше сяксцх;1
гнмю 3;42;48;фемюр (гюлсфел);14;27;5;мер;фемяйхи;3;бяе сяксцх;0
гнмю 1;11;26;ункняр (ме гюлсфел);2;53;3;мер;лсфяйни;1;бяе сяксцх;1
гнмю 3;27;28;фемюр (гюлсфел);0;58;0;мер;лсфяйни;2;окчя сяксцх;0
гнмю 3;23;50;ункняр (ме гюлсфел);1;151;8;мер;фемяйхи;1;аюгнбше сяксцх;0
гнмю 2;4;38;фемюр (гюлсфел);13;54;4;мер;лсфяйни;2;окчя сяксцх;0
гнмю 3;36;42;ункняр (ме гюлсфел);5;31;4;мер;фемяйхи;1;аюгнбше сяксцх;1
гнмю 2;37;42;ункняр (ме гюлсфел);10;115;22;мер;фемяйхи;1;окчя сяксцх;0
гнмю 3;24;58;фемюр (гюлсфел);30;24;5;мер;лсфяйни;2;аюгнбше сяксцх;0
гнмю 3;4;24;ункняр (ме гюлсфел);1;17;2;мер;лсфяйни;3;аюгнбше сяксцх;1
гнмю 3;54;33;ункняр (ме гюлсфел);5;47;13;мер;фемяйхи;2;окчя сяксцх;0
гнмю 3;7;49;ункняр (ме гюлсфел);8;36;0;мер;фемяйхи;1;окчя сяксцх;1
гнмю 1;10;28;ункняр (ме гюлсфел);9;75;1;мер;лсфяйни;1;бяе сяксцх;1
гнмю 3;24;35;фемюр (гюлсфел);10;41;6;мер;фемяйхи;2;щкейрпнммше сяксцх;0
гнмю 3;12;31;ункняр (ме гюлсфел);8;18;4;мер;лсфяйни;1;аюгнбше сяксцх;1
гнмю 2;45;54;ункняр (ме гюлсфел);25;171;33;мер;фемяйхи;1;окчя сяксцх;0
гнмю 3;59;55;фемюр (гюлсфел);29;42;21;мер;фемяйхи;2;щкейрпнммше сяксцх;0
гнмю 1;3;21;фемюр (гюлсфел);1;36;0;мер;фемяйхи;4;аюгнбше сяксцх;0
гнмю 3;8;35;ункняр (ме гюлсфел);6;31;7;мер;лсфяйни;1;бяе сяксцх;1
гнмю 1;16;59;ункняр (ме гюлсфел);5;207;37;мер;фемяйхи;2;бяе сяксцх;0
гнмю 3;32;33;ункняр (ме гюлсфел);1;38;12;мер;фемяйхи;1;аюгнбше сяксцх;0
гнмю 1;8;49;ункняр (ме гюлсфел);14;134;9;мер;фемяйхи;1;бяе сяксцх;1
гнмю 1;9;28;фемюр (гюлсфел);8;28;4;мер;лсфяйни;3;щкейрпнммше сяксцх;1
гнмю 2;12;19;фемюр (гюлсфел);0;15;0;мер;фемяйхи;4;щкейрпнммше сяксцх;0
гнмю 2;24;43;фемюр (гюлсфел);15;48;4;мер;лсфяйни;6;бяе сяксцх;0
гнмю 3;72;75;ункняр (ме гюлсфел);48;14;6;дю;фемяйхи;1;щкейрпнммше сяксцх;0
гнмю 3;58;61;ункняр (ме гюлсфел);42;101;18;мер;фемяйхи;1;щкейрпнммше сяксцх;0
гнмю 1;70;44;фемюр (гюлсфел);24;87;18;мер;лсфяйни;3;окчя сяксцх;0
гнмю 3;9;25;ункняр (ме гюлсфел);3;27;4;мер;фемяйхи;1;аюгнбше сяксцх;1
гнмю 1;49;25;ункняр (ме гюлсфел);1;27;0;мер;фемяйхи;1;щкейрпнммше сяксцх;0
гнмю 3;52;54;ункняр (ме гюлсфел);7;59;22;мер;лсфяйни;1;окчя сяксцх;0
гнмю 1;10;42;фемюр (гюлсфел);10;294;9;мер;фемяйхи;6;бяе сяксцх;1
гнмю 1;14;52;фемюр (гюлсфел);2;44;5;мер;лсфяйни;2;окчя сяксцх;0
гнмю 1;19;27;фемюр (гюлсфел);3;35;4;мер;лсфяйни;6;бяе сяксцх;0
гнмю 3;12;36;фемюр (гюлсфел);4;205;10;мер;фемяйхи;4;щкейрпнммше сяксцх;1
гнмю 1;65;59;ункняр (ме гюлсфел);27;732;31;мер;фемяйхи;1;щкейрпнммше сяксцх;0
гнмю 1;67;40;фемюр (гюлсфел);14;59;11;мер;лсфяйни;2;окчя сяксцх;0
гнмю 2;29;24;фемюр (гюлсфел);3;23;7;мер;лсфяйни;2;окчя сяксцх;0
гнмю 3;55;46;ункняр (ме гюлсфел);8;87;19;мер;фемяйхи;1;аюгнбше сяксцх;0
гнмю 3;71;67;фемюр (гюлсфел);25;110;23;мер;фемяйхи;2;окчя сяксцх;0
гнмю 3;5;44;фемюр (гюлсфел);2;83;14;мер;фемяйхи;3;окчя сяксцх;1
гнмю 3;60;58;ункняр (ме гюлсфел);0;63;21;мер;фемяйхи;3;щкейрпнммше сяксцх;0
гнмю 2;10;40;ункняр (ме гюлсфел);6;22;6;мер;фемяйхи;1;аюгнбше сяксцх;1
гнмю 3;52;64;ункняр (ме гюлсфел);44;43;7;мер;лсфяйни;1;бяе сяксцх;0
гнмю 2;61;43;фемюр (гюлсфел);22;35;11;мер;лсфяйни;3;щкейрпнммше сяксцх;0
гнмю 1;61;29;фемюр (гюлсфел);5;48;11;мер;лсфяйни;4;щкейрпнммше сяксцх;0
гнмю 2;67;47;фемюр (гюлсфел);19;69;12;мер;лсфяйни;3;окчя сяксцх;0
гнмю 3;41;42;фемюр (гюлсфел);12;26;5;мер;лсфяйни;4;щкейрпнммше сяксцх;0
гнмю 1;30;28;ункняр (ме гюлсфел);1;20;8;мер;фемяйхи;1;аюгнбше сяксцх;1
гнмю 1;24;46;ункняр (ме гюлсфел);12;43;6;мер;лсфяйни;1;бяе сяксцх;0
гнмю 1;72;75;ункняр (ме гюлсфел);37;33;44;дю;фемяйхи;1;щкейрпнммше сяксцх;0
гнмю 2;17;35;ункняр (ме гюлсфел);7;66;11;мер;лсфяйни;1;бяе сяксцх;1
гнмю 2;65;72;ункняр (ме гюлсфел);46;12;0;дю;лсфяйни;1;окчя сяксцх;0
гнмю 1;15;30;фемюр (гюлсфел);8;90;11;мер;лсфяйни;5;бяе сяксцх;0
гнмю 1;34;33;ункняр (ме гюлсфел);8;35;2;мер;фемяйхи;1;щкейрпнммше сяксцх;1
гнмю 1;26;43;ункняр (ме гюлсфел);23;51;4;мер;фемяйхи;1;щкейрпнммше сяксцх;1
гнмю 2;36;45;ункняр (ме гюлсфел);22;117;15;мер;фемяйхи;1;щкейрпнммше сяксцх;0
гнмю 1;60;48;ункняр (ме гюлсфел);29;100;26;мер;фемяйхи;1;окчя сяксцх;0
гнмю 1;16;54;ункняр (ме гюлсфел);20;147;29;мер;лсфяйни;4;окчя сяксцх;0
гнмю 2;1;33;ункняр (ме гюлсфел);5;53;6;мер;фемяйхи;1;аюгнбше сяксцх;1
гнмю 3;56;30;фемюр (гюлсфел);9;57;2;мер;лсфяйни;4;щкейрпнммше сяксцх;0
гнмю 2;6;50;ункняр (ме гюлсфел);5;37;0;мер;лсфяйни;1;щкейрпнммше сяксцх;0
гнмю 2;48;34;ункняр (ме гюлсфел);7;42;2;мер;фемяйхи;1;щкейрпнммше сяксцх;0
гнмю 2;34;36;фемюр (гюлсфел);17;50;4;мер;лсфяйни;2;окчя сяксцх;0
гнмю 2;54;42;фемюр (гюлсфел);0;55;2;мер;лсфяйни;5;бяе сяксцх;1
гнмю 3;38;31;фемюр (гюлсфел);2;42;7;мер;фемяйхи;4;бяе сяксцх;0
гнмю 2;25;55;ункняр (ме гюлсфел);15;37;7;мер;фемяйхи;1;аюгнбше сяксцх;1
гнмю 1;47;69;фемюр (гюлсфел);17;228;39;мер;фемяйхи;4;бяе сяксцх;1
гнмю 1;72;62;фемюр (гюлсфел);35;163;31;мер;лсфяйни;2;бяе сяксцх;0
гнмю 2;6;35;фемюр (гюлсфел);6;28;3;мер;фемяйхи;3;бяе сяксцх;0
гнмю 1;30;51;фемюр (гюлсфел);9;118;21;мер;фемяйхи;2;аюгнбше сяксцх;0
гнмю 1;65;70;фемюр (гюлсфел);9;115;39;дю;фемяйхи;2;бяе сяксцх;0
гнмю 1;22;44;фемюр (гюлсфел);19;37;1;мер;лсфяйни;2;окчя сяксцх;0
гнмю 1;60;53;ункняр (ме гюлсфел);32;93;28;мер;лсфяйни;1;окчя сяксцх;0
гнмю 2;19;32;ункняр (ме гюлсфел);12;71;5;мер;фемяйхи;1;бяе сяксцх;1
гнмю 3;18;25;ункняр (ме гюлсфел);4;26;7;мер;фемяйхи;3;аюгнбше сяксцх;0
гнмю 1;9;37;фемюр (гюлсфел);10;14;5;мер;фемяйхи;6;аюгнбше сяксцх;1
гнмю 1;1;34;фемюр (гюлсфел);6;18;0;мер;фемяйхи;2;аюгнбше сяксцх;1
гнмю 3;10;28;фемюр (гюлсфел);2;36;0;мер;фемяйхи;3;бяе сяксцх;0
гнмю 3;45;34;фемюр (гюлсфел);14;43;0;мер;лсфяйни;4;щкейрпнммше сяксцх;1
гнмю 1;25;28;фемюр (гюлсфел);6;41;4;мер;фемяйхи;4;окчя сяксцх;1
гнмю 3;66;39;ункняр (ме гюлсфел);1;66;15;мер;фемяйхи;1;щкейрпнммше сяксцх;0
гнмю 1;27;67;ункняр (ме гюлсфел);1;33;19;дю;фемяйхи;1;окчя сяксцх;1
гнмю 1;19;41;ункняр (ме гюлсфел);5;53;6;мер;лсфяйни;1;аюгнбше сяксцх;0
гнмю 2;17;41;фемюр (гюлсфел);9;28;3;мер;лсфяйни;6;аюгнбше сяксцх;0
гнмю 2;16;36;ункняр (ме гюлсфел);13;58;4;мер;лсфяйни;1;аюгнбше сяксцх;0
гнмю 1;8;42;фемюр (гюлсфел);2;129;17;мер;фемяйхи;3;аюгнбше сяксцх;0
гнмю 1;3;25;ункняр (ме гюлсфел);0;65;0;мер;фемяйхи;1;бяе сяксцх;1
гнмю 3;59;57;ункняр (ме гюлсфел);26;311;36;мер;фемяйхи;1;аюгнбше сяксцх;0
гнмю 2;45;37;ункняр (ме гюлсфел);2;57;14;мер;фемяйхи;1;щкейрпнммше сяксцх;0
гнмю 1;66;62;ункняр (ме гюлсфел);31;47;4;мер;фемяйхи;1;щкейрпнммше сяксцх;0
гнмю 3;28;50;фемюр (гюлсфел);7;25;3;мер;лсфяйни;2;аюгнбше сяксцх;0
гнмю 1;15;38;фемюр (гюлсфел);11;46;11;мер;лсфяйни;3;аюгнбше сяксцх;1
гнмю 3;39;34;фемюр (гюлсфел);10;51;13;мер;фемяйхи;4;бяе сяксцх;0
гнмю 3;38;33;ункняр (ме гюлсфел);4;19;5;мер;фемяйхи;2;окчя сяксцх;0
гнмю 3;34;29;ункняр (ме гюлсфел);5;26;4;мер;фемяйхи;2;щкейрпнммше сяксцх;0
гнмю 3;60;57;фемюр (гюлсфел);18;72;30;дю;лсфяйни;2;бяе сяксцх;0
гнмю 3;72;65;фемюр (гюлсфел);33;71;41;дю;фемяйхи;4;окчя сяксцх;0
гнмю 1;42;42;фемюр (гюлсфел);9;41;13;мер;лсфяйни;8;окчя сяксцх;0
гнмю 3;32;37;ункняр (ме гюлсфел);9;44;7;мер;лсфяйни;1;аюгнбше сяксцх;0
гнмю 3;48;50;фемюр (гюлсфел);4;208;19;мер;фемяйхи;2;бяе сяксцх;1
гнмю 3;63;37;фемюр (гюлсфел);1;45;9;мер;фемяйхи;6;щкейрпнммше сяксцх;0
гнмю 3;45;27;фемюр (гюлсфел);3;39;2;мер;лсфяйни;4;щкейрпнммше сяксцх;0
гнмю 2;68;42;ункняр (ме гюлсфел);16;89;12;мер;лсфяйни;1;щкейрпнммше сяксцх;0
гнмю 1;6;29;фемюр (гюлсфел);4;19;5;мер;фемяйхи;2;аюгнбше сяксцх;0
гнмю 1;68;57;фемюр (гюлсфел);33;15;0;мер;фемяйхи;2;бяе сяксцх;1
гнмю 3;72;68;фемюр (гюлсфел);26;59;36;дю;фемяйхи;2;бяе сяксцх;0
гнмю 3;53;38;фемюр (гюлсфел);15;20;6;мер;фемяйхи;4;щкейрпнммше сяксцх;0
гнмю 3;20;51;фемюр (гюлсфел);11;27;6;мер;лсфяйни;3;окчя сяксцх;0
гнмю 2;70;35;фемюр (гюлсфел);4;48;9;мер;лсфяйни;3;щкейрпнммше сяксцх;0
гнмю 3;32;47;ункняр (ме гюлсфел);25;135;6;мер;фемяйхи;1;аюгнбше сяксцх;0
гнмю 2;61;52;фемюр (гюлсфел);23;19;0;мер;лсфяйни;2;окчя сяксцх;1
гнмю 1;24;25;фемюр (гюлсфел);3;28;0;мер;лсфяйни;3;щкейрпнммше сяксцх;0
гнмю 2;56;61;фемюр (гюлсфел);14;12;16;дю;фемяйхи;2;аюгнбше сяксцх;0
гнмю 3;54;59;ункняр (ме гюлсфел);28;28;15;мер;лсфяйни;1;щкейрпнммше сяксцх;0
гнмю 3;43;38;фемюр (гюлсфел);7;18;8;мер;фемяйхи;3;бяе сяксцх;0
гнмю 1;19;35;ункняр (ме гюлсфел);7;58;5;мер;фемяйхи;1;бяе сяксцх;1
гнмю 3;5;43;ункняр (ме гюлсфел);16;72;17;мер;фемяйхи;1;окчя сяксцх;0
гнмю 1;24;61;фемюр (гюлсфел);6;112;3;мер;фемяйхи;4;аюгнбше сяксцх;1
гнмю 3;62;35;фемюр (гюлсфел);2;28;8;мер;фемяйхи;2;щкейрпнммше сяксцх;0
гнмю 2;14;40;ункняр (ме гюлсфел);13;398;11;мер;фемяйхи;1;бяе сяксцх;1
гнмю 3;60;48;фемюр (гюлсфел);22;106;21;мер;фемяйхи;3;бяе сяксцх;0
гнмю 2;30;74;фемюр (гюлсфел);12;10;3;дю;фемяйхи;2;окчя сяксцх;0
гнмю 1;40;42;фемюр (гюлсфел);16;108;17;мер;лсфяйни;4;щкейрпнммше сяксцх;1
гнмю 2;42;50;фемюр (гюлсфел);17;85;15;мер;фемяйхи;4;аюгнбше сяксцх;0
гнмю 1;20;34;ункняр (ме гюлсфел);14;51;9;мер;фемяйхи;1;щкейрпнммше сяксцх;1
гнмю 1;4;22;фемюр (гюлсфел);1;22;2;мер;фемяйхи;3;окчя сяксцх;0
гнмю 2;44;49;фемюр (гюлсфел);2;66;8;мер;фемяйхи;4;бяе сяксцх;0
гнмю 3;49;63;ункняр (ме гюлсфел);18;10;2;дю;лсфяйни;1;окчя сяксцх;0
гнмю 3;5;36;фемюр (гюлсфел);2;34;4;мер;фемяйхи;2;окчя сяксцх;1
гнмю 3;70;50;фемюр (гюлсфел);29;67;22;мер;лсфяйни;4;щкейрпнммше сяксцх;0
гнмю 1;30;57;фемюр (гюлсфел);16;19;1;мер;лсфяйни;4;аюгнбше сяксцх;1
гнмю 2;28;48;ункняр (ме гюлсфел);20;128;4;мер;фемяйхи;1;бяе сяксцх;1
гнмю 1;5;28;фемюр (гюлсфел);3;39;1;мер;лсфяйни;6;бяе сяксцх;0
гнмю 2;27;35;ункняр (ме гюлсфел);12;56;3;мер;фемяйхи;1;бяе сяксцх;0
гнмю 2;17;39;ункняр (ме гюлсфел);12;45;10;мер;фемяйхи;1;аюгнбше сяксцх;1
гнмю 1;4;37;фемюр (гюлсфел);8;25;1;мер;фемяйхи;5;аюгнбше сяксцх;0
гнмю 1;30;23;фемюр (гюлсфел);0;24;1;мер;фемяйхи;4;окчя сяксцх;0
гнмю 3;71;40;фемюр (гюлсфел);19;53;14;мер;фемяйхи;2;бяе сяксцх;0
гнмю 3;67;77;ункняр (ме гюлсфел);55;49;45;дю;фемяйхи;1;аюгнбше сяксцх;0
гнмю 3;24;48;фемюр (гюлсфел);3;38;16;мер;фемяйхи;2;аюгнбше сяксцх;0
гнмю 1;24;54;фемюр (гюлсфел);7;84;10;мер;фемяйхи;2;аюгнбше сяксцх;1
гнмю 2;59;54;ункняр (ме гюлсфел);32;126;22;мер;фемяйхи;1;окчя сяксцх;0
гнмю 3;59;32;ункняр (ме гюлсфел);9;73;5;мер;лсфяйни;1;щкейрпнммше сяксцх;1
гнмю 3;44;37;фемюр (гюлсфел);1;41;8;мер;фемяйхи;6;щкейрпнммше сяксцх;0
гнмю 1;19;31;фемюр (гюлсфел);0;22;2;мер;лсфяйни;3;щкейрпнммше сяксцх;1
гнмю 2;58;46;фемюр (гюлсфел);23;23;2;мер;фемяйхи;2;аюгнбше сяксцх;0
гнмю 1;41;53;фемюр (гюлсфел);22;94;25;мер;лсфяйни;2;щкейрпнммше сяксцх;0
гнмю 2;16;33;ункняр (ме гюлсфел);1;30;7;мер;лсфяйни;4;окчя сяксцх;1
гнмю 3;13;36;ункняр (ме гюлсфел);11;31;0;мер;лсфяйни;1;аюгнбше сяксцх;1
гнмю 1;60;53;ункняр (ме гюлсфел);22;171;37;мер;фемяйхи;1;окчя сяксцх;0
гнмю 2;72;49;фемюр (гюлсфел);23;102;27;мер;фемяйхи;6;щкейрпнммше сяксцх;0
гнмю 2;33;39;ункняр (ме гюлсфел);17;27;3;мер;фемяйхи;1;бяе сяксцх;0
гнмю 2;72;45;фемюр (гюлсфел);25;98;20;мер;фемяйхи;2;бяе сяксцх;0
гнмю 1;66;54;фемюр (гюлсфел);8;591;25;мер;фемяйхи;2;бяе сяксцх;0
гнмю 3;53;37;фемюр (гюлсфел);7;25;2;мер;фемяйхи;6;окчя сяксцх;0
гнмю 2;22;28;фемюр (гюлсфел);0;36;0;мер;лсфяйни;4;бяе сяксцх;0
гнмю 2;14;26;фемюр (гюлсфел);1;25;0;мер;фемяйхи;3;окчя сяксцх;0
гнмю 1;52;49;ункняр (ме гюлсфел);18;69;13;мер;фемяйхи;2;окчя сяксцх;0
гнмю 3;33;30;фемюр (гюлсфел);5;22;0;мер;лсфяйни;2;окчя сяксцх;0
гнмю 3;72;66;ункняр (ме гюлсфел);26;67;37;дю;фемяйхи;1;окчя сяксцх;0
гнмю 1;40;40;фемюр (гюлсфел);3;73;12;мер;фемяйхи;4;окчя сяксцх;1
гнмю 2;29;26;ункняр (ме гюлсфел);1;22;2;мер;фемяйхи;1;бяе сяксцх;1
гнмю 3;63;67;ункняр (ме гюлсфел);22;9;12;дю;лсфяйни;1;окчя сяксцх;0
гнмю 2;56;54;ункняр (ме гюлсфел);25;147;31;мер;фемяйхи;1;щкейрпнммше сяксцх;0
гнмю 3;60;50;фемюр (гюлсфел);26;239;19;мер;фемяйхи;2;бяе сяксцх;0
гнмю 3;28;22;фемюр (гюлсфел);3;23;1;мер;лсфяйни;5;аюгнбше сяксцх;0
гнмю 2;39;39;ункняр (ме гюлсфел);19;29;6;мер;лсфяйни;1;щкейрпнммше сяксцх;0
гнмю 3;65;39;фемюр (гюлсфел);18;32;15;мер;лсфяйни;4;окчя сяксцх;0
гнмю 3;29;31;ункняр (ме гюлсфел);7;30;7;мер;фемяйхи;1;окчя сяксцх;0
гнмю 3;28;36;ункняр (ме гюлсфел);8;57;13;мер;фемяйхи;2;окчя сяксцх;0
гнмю 1;2;18;ункняр (ме гюлсфел);0;20;0;мер;лсфяйни;1;окчя сяксцх;1
гнмю 3;67;52;ункняр (ме гюлсфел);13;248;20;мер;фемяйхи;3;окчя сяксцх;0
гнмю 3;5;35;фемюр (гюлсфел);9;59;8;мер;фемяйхи;5;бяе сяксцх;0
гнмю 3;48;35;ункняр (ме гюлсфел);10;24;6;мер;лсфяйни;1;окчя сяксцх;0
гнмю 2;10;26;фемюр (гюлсфел);4;25;4;мер;фемяйхи;3;аюгнбше сяксцх;0
гнмю 2;17;28;ункняр (ме гюлсфел);3;37;2;мер;фемяйхи;1;окчя сяксцх;1
гнмю 1;21;24;фемюр (гюлсфел);0;30;0;мер;фемяйхи;5;бяе сяксцх;0
гнмю 2;25;51;ункняр (ме гюлсфел);9;66;13;мер;лсфяйни;2;бяе сяксцх;0
гнмю 3;44;31;ункняр (ме гюлсфел);8;16;3;мер;лсфяйни;1;аюгнбше сяксцх;1
гнмю 2;59;49;ункняр (ме гюлсфел);28;429;23;мер;фемяйхи;2;бяе сяксцх;1
гнмю 2;11;26;ункняр (ме гюлсфел);7;20;4;мер;лсфяйни;1;аюгнбше сяксцх;0
гнмю 2;50;68;фемюр (гюлсфел);32;262;28;мер;лсфяйни;2;окчя сяксцх;0
гнмю 3;23;25;фемюр (гюлсфел);2;28;1;мер;фемяйхи;5;щкейрпнммше сяксцх;0
гнмю 1;17;19;ункняр (ме гюлсфел);0;18;0;мер;фемяйхи;2;щкейрпнммше сяксцх;1
гнмю 1;15;62;фемюр (гюлсфел);3;144;21;мер;лсфяйни;2;окчя сяксцх;0
гнмю 2;68;57;фемюр (гюлсфел);38;33;9;мер;фемяйхи;2;щкейрпнммше сяксцх;0
гнмю 1;69;42;фемюр (гюлсфел);23;19;0;мер;фемяйхи;2;аюгнбше сяксцх;0
гнмю 1;30;24;фемюр (гюлсфел);3;30;7;мер;фемяйхи;5;аюгнбше сяксцх;1
гнмю 3;22;30;ункняр (ме гюлсфел);8;41;8;мер;лсфяйни;1;окчя сяксцх;0
гнмю 2;10;20;фемюр (гюлсфел);1;20;0;мер;фемяйхи;4;аюгнбше сяксцх;1
гнмю 1;72;59;фемюр (гюлсфел);12;65;21;мер;фемяйхи;6;щкейрпнммше сяксцх;0
гнмю 2;34;24;фемюр (гюлсфел);5;17;0;мер;фемяйхи;2;окчя сяксцх;0
гнмю 2;43;49;фемюр (гюлсфел);18;66;22;мер;лсфяйни;4;окчя сяксцх;0
гнмю 3;31;37;фемюр (гюлсфел);15;18;5;мер;лсфяйни;3;бяе сяксцх;0
гнмю 2;6;27;фемюр (гюлсфел);5;26;2;мер;лсфяйни;5;аюгнбше сяксцх;1
гнмю 2;48;42;ункняр (ме гюлсфел);21;46;4;мер;лсфяйни;1;окчя сяксцх;0
гнмю 2;50;25;ункняр (ме гюлсфел);6;19;5;мер;лсфяйни;3;аюгнбше сяксцх;0
гнмю 3;20;41;фемюр (гюлсфел);19;58;6;мер;фемяйхи;2;щкейрпнммше сяксцх;0
гнмю 3;61;73;ункняр (ме гюлсфел);10;25;21;дю;лсфяйни;1;аюгнбше сяксцх;0
гнмю 2;6;21;ункняр (ме гюлсфел);0;15;1;мер;фемяйхи;1;аюгнбше сяксцх;0
гнмю 2;1;22;ункняр (ме гюлсфел);2;35;2;мер;лсфяйни;1;аюгнбше сяксцх;1
гнмю 1;21;43;ункняр (ме гюлсфел);13;41;1;мер;фемяйхи;1;бяе сяксцх;1
гнмю 3;7;32;ункняр (ме гюлсфел);1;71;3;мер;лсфяйни;2;бяе сяксцх;0
гнмю 3;65;56;фемюр (гюлсфел);19;608;34;мер;фемяйхи;2;бяе сяксцх;0
гнмю 1;64;37;ункняр (ме гюлсфел);10;44;9;мер;фемяйхи;1;щкейрпнммше сяксцх;0
гнмю 3;4;30;ункняр (ме гюлсфел);0;41;0;мер;лсфяйни;2;окчя сяксцх;1
гнмю 1;67;45;фемюр (гюлсфел);22;83;11;мер;фемяйхи;2;щкейрпнммше сяксцх;0
гнмю 2;22;35;ункняр (ме гюлсфел);12;28;3;мер;лсфяйни;2;щкейрпнммше сяксцх;1
гнмю 3;51;37;фемюр (гюлсфел);17;101;10;мер;фемяйхи;2;окчя сяксцх;0
гнмю 1;50;28;ункняр (ме гюлсфел);6;28;10;мер;фемяйхи;1;окчя сяксцх;0
гнмю 1;31;47;фемюр (гюлсфел);18;35;0;мер;лсфяйни;2;аюгнбше сяксцх;0
гнмю 3;4;28;ункняр (ме гюлсфел);0;39;3;мер;фемяйхи;1;окчя сяксцх;1
гнмю 3;60;56;ункняр (ме гюлсфел);19;51;11;мер;лсфяйни;1;бяе сяксцх;0
гнмю 3;7;31;фемюр (гюлсфел);12;31;7;мер;фемяйхи;6;аюгнбше сяксцх;1
гнмю 3;20;40;ункняр (ме гюлсфел);2;209;15;мер;фемяйхи;1;щкейрпнммше сяксцх;0
гнмю 2;19;23;фемюр (гюлсфел);4;37;1;мер;фемяйхи;4;окчя сяксцх;1
гнмю 3;58;37;фемюр (гюлсфел);5;64;8;мер;фемяйхи;2;бяе сяксцх;1
гнмю 3;65;64;ункняр (ме гюлсфел);20;88;26;мер;фемяйхи;1;бяе сяксцх;1
гнмю 3;72;61;фемюр (гюлсфел);34;61;8;мер;лсфяйни;3;щкейрпнммше сяксцх;0
гнмю 3;8;42;ункняр (ме гюлсфел);3;66;10;мер;лсфяйни;1;бяе сяксцх;0
гнмю 2;33;40;фемюр (гюлсфел);14;19;5;мер;лсфяйни;2;аюгнбше сяксцх;0
гнмю 3;18;34;фемюр (гюлсфел);4;42;14;мер;фемяйхи;5;бяе сяксцх;0
гнмю 2;24;31;фемюр (гюлсфел);6;41;13;мер;лсфяйни;5;окчя сяксцх;0
гнмю 3;70;36;ункняр (ме гюлсфел);8;50;15;мер;фемяйхи;1;щкейрпнммше сяксцх;0
гнмю 1;7;38;ункняр (ме гюлсфел);4;70;4;мер;лсфяйни;1;бяе сяксцх;1
гнмю 3;70;59;ункняр (ме гюлсфел);27;85;19;мер;фемяйхи;1;окчя сяксцх;0
гнмю 2;20;48;фемюр (гюлсфел);21;45;2;мер;фемяйхи;2;окчя сяксцх;1
гнмю 3;54;32;фемюр (гюлсфел);12;27;9;мер;лсфяйни;2;щкейрпнммше сяксцх;0
гнмю 3;36;48;ункняр (ме гюлсфел);28;29;2;мер;лсфяйни;1;аюгнбше сяксцх;0
гнмю 3;71;53;фемюр (гюлсфел);29;48;0;мер;фемяйхи;2;окчя сяксцх;0
гнмю 1;17;41;ункняр (ме гюлсфел);4;32;3;мер;лсфяйни;1;окчя сяксцх;0
гнмю 1;18;45;фемюр (гюлсфел);17;43;9;мер;лсфяйни;3;окчя сяксцх;0
гнмю 1;16;27;ункняр (ме гюлсфел);8;16;0;мер;фемяйхи;1;бяе сяксцх;1
гнмю 3;38;30;фемюр (гюлсфел);6;22;3;мер;фемяйхи;2;щкейрпнммше сяксцх;0
гнмю 1;52;45;фемюр (гюлсфел);19;40;9;мер;фемяйхи;3;бяе сяксцх;0
гнмю 1;46;48;фемюр (гюлсфел);12;256;25;мер;лсфяйни;6;бяе сяксцх;0
гнмю 2;31;46;ункняр (ме гюлсфел);23;144;13;мер;лсфяйни;1;окчя сяксцх;0
гнмю 2;23;31;ункняр (ме гюлсфел);10;45;0;мер;лсфяйни;2;щкейрпнммше сяксцх;0
гнмю 2;38;56;фемюр (гюлсфел);34;34;0;мер;фемяйхи;3;окчя сяксцх;0
гнмю 2;50;54;ункняр (ме гюлсфел);15;248;28;мер;фемяйхи;1;окчя сяксцх;0
гнмю 2;16;49;ункняр (ме гюлсфел);17;41;5;мер;лсфяйни;1;бяе сяксцх;0
гнмю 2;14;34;фемюр (гюлсфел);4;27;1;мер;фемяйхи;2;бяе сяксцх;0
гнмю 2;30;52;ункняр (ме гюлсфел);23;17;3;мер;фемяйхи;1;щкейрпнммше сяксцх;1
гнмю 3;22;47;фемюр (гюлсфел);0;44;11;мер;фемяйхи;3;бяе сяксцх;1
гнмю 1;38;55;фемюр (гюлсфел);12;135;24;мер;лсфяйни;4;бяе сяксцх;0
гнмю 3;59;26;фемюр (гюлсфел);3;41;1;мер;фемяйхи;3;щкейрпнммше сяксцх;1
гнмю 2;54;55;ункняр (ме гюлсфел);1;587;33;мер;лсфяйни;1;окчя сяксцх;0
гнмю 3;9;40;ункняр (ме гюлсфел);13;38;7;мер;фемяйхи;1;бяе сяксцх;1
гнмю 1;67;67;фемюр (гюлсфел);38;49;10;мер;фемяйхи;2;щкейрпнммше сяксцх;0
гнмю 2;24;44;ункняр (ме гюлсфел);19;33;0;мер;фемяйхи;2;аюгнбше сяксцх;0
гнмю 2;12;55;фемюр (гюлсфел);13;36;5;мер;фемяйхи;2;щкейрпнммше сяксцх;1
гнмю 1;26;47;ункняр (ме гюлсфел);13;54;0;мер;лсфяйни;1;щкейрпнммше сяксцх;0
гнмю 2;3;32;ункняр (ме гюлсфел);4;58;11;мер;лсфяйни;4;бяе сяксцх;1
гнмю 2;20;46;ункняр (ме гюлсфел);2;23;4;мер;фемяйхи;2;бяе сяксцх;0
гнмю 3;5;52;фемюр (гюлсфел);0;97;9;мер;лсфяйни;2;бяе сяксцх;1
гнмю 3;58;53;ункняр (ме гюлсфел);19;207;12;мер;фемяйхи;1;бяе сяксцх;1
гнмю 1;54;28;фемюр (гюлсфел);2;21;3;мер;лсфяйни;4;аюгнбше сяксцх;0
гнмю 2;52;39;ункняр (ме гюлсфел);6;119;18;мер;фемяйхи;1;аюгнбше сяксцх;0
гнмю 2;38;30;фемюр (гюлсфел);10;25;5;мер;фемяйхи;4;аюгнбше сяксцх;0
гнмю 2;19;46;ункняр (ме гюлсфел);5;59;17;мер;лсфяйни;1;аюгнбше сяксцх;0
гнмю 2;22;33;фемюр (гюлсфел);2;24;3;мер;лсфяйни;4;аюгнбше сяксцх;0
гнмю 1;49;35;фемюр (гюлсфел);15;113;4;мер;лсфяйни;5;щкейрпнммше сяксцх;0
гнмю 3;5;39;ункняр (ме гюлсфел);0;22;0;мер;фемяйхи;2;окчя сяксцх;0
гнмю 2;18;69;ункняр (ме гюлсфел);28;11;17;дю;лсфяйни;1;аюгнбше сяксцх;0
гнмю 3;43;29;ункняр (ме гюлсфел);4;33;13;мер;фемяйхи;4;окчя сяксцх;0
гнмю 3;17;50;ункняр (ме гюлсфел);2;205;19;мер;лсфяйни;1;бяе сяксцх;1
гнмю 2;37;33;ункняр (ме гюлсфел);4;41;8;мер;фемяйхи;3;щкейрпнммше сяксцх;1
гнмю 2;8;39;ункняр (ме гюлсфел);0;39;7;мер;фемяйхи;1;аюгнбше сяксцх;0
гнмю 2;51;46;фемюр (гюлсфел);8;107;21;мер;фемяйхи;6;окчя сяксцх;0
гнмю 1;71;55;фемюр (гюлсфел);11;198;31;мер;фемяйхи;3;окчя сяксцх;0
гнмю 1;56;53;фемюр (гюлсфел);23;100;14;мер;фемяйхи;2;щкейрпнммше сяксцх;0
гнмю 3;70;68;ункняр (ме гюлсфел);21;1131;45;мер;лсфяйни;1;окчя сяксцх;0
гнмю 1;62;53;ункняр (ме гюлсфел);14;360;26;мер;фемяйхи;2;окчя сяксцх;0
гнмю 1;50;52;фемюр (гюлсфел);22;162;27;мер;фемяйхи;2;бяе сяксцх;0
гнмю 3;1;31;ункняр (ме гюлсфел);3;29;2;мер;фемяйхи;3;аюгнбше сяксцх;1
гнмю 3;15;26;ункняр (ме гюлсфел);1;38;1;мер;лсфяйни;2;бяе сяксцх;1
гнмю 3;72;55;фемюр (гюлсфел);24;82;25;мер;фемяйхи;2;щкейрпнммше сяксцх;0
гнмю 2;69;47;фемюр (гюлсфел);10;159;24;мер;лсфяйни;4;окчя сяксцх;1
гнмю 2;32;44;ункняр (ме гюлсфел);10;201;24;мер;лсфяйни;1;окчя сяксцх;0
гнмю 1;19;25;фемюр (гюлсфел);6;27;0;мер;фемяйхи;2;окчя сяксцх;1
гнмю 2;42;54;ункняр (ме гюлсфел);19;57;10;мер;фемяйхи;1;бяе сяксцх;0
гнмю 3;51;49;ункняр (ме гюлсфел);29;45;16;мер;лсфяйни;1;аюгнбше сяксцх;0
гнмю 2;32;22;фемюр (гюлсфел);2;17;2;мер;фемяйхи;4;окчя сяксцх;1
гнмю 3;26;55;фемюр (гюлсфел);13;61;26;мер;лсфяйни;2;окчя сяксцх;0
гнмю 2;39;44;фемюр (гюлсфел);14;418;18;мер;лсфяйни;2;бяе сяксцх;0
гнмю 2;72;53;ункняр (ме гюлсфел);12;152;32;мер;фемяйхи;1;бяе сяксцх;0
гнмю 2;4;39;ункняр (ме гюлсфел);11;38;1;мер;лсфяйни;2;бяе сяксцх;1
гнмю 2;54;50;фемюр (гюлсфел);5;151;20;мер;лсфяйни;3;окчя сяксцх;0
гнмю 1;34;40;фемюр (гюлсфел);21;23;9;мер;фемяйхи;3;бяе сяксцх;0
гнмю 1;20;25;фемюр (гюлсфел);4;33;0;мер;фемяйхи;3;аюгнбше сяксцх;0
гнмю 3;14;49;ункняр (ме гюлсфел);4;26;8;мер;лсфяйни;1;аюгнбше сяксцх;0
гнмю 1;61;59;ункняр (ме гюлсфел);26;89;40;дю;фемяйхи;1;окчя сяксцх;0
гнмю 2;4;24;ункняр (ме гюлсфел);2;25;0;мер;лсфяйни;1;аюгнбше сяксцх;1
гнмю 3;16;48;ункняр (ме гюлсфел);25;59;13;мер;лсфяйни;2;окчя сяксцх;1
гнмю 1;13;41;ункняр (ме гюлсфел);9;55;12;мер;фемяйхи;3;аюгнбше сяксцх;0
гнмю 2;53;37;фемюр (гюлсфел);18;25;6;мер;фемяйхи;2;щкейрпнммше сяксцх;1
гнмю 2;58;36;фемюр (гюлсфел);13;39;8;мер;фемяйхи;7;бяе сяксцх;1
гнмю 2;25;38;фемюр (гюлсфел);19;56;19;мер;фемяйхи;2;окчя сяксцх;0
гнмю 1;71;61;фемюр (гюлсфел);19;155;30;мер;лсфяйни;2;окчя сяксцх;0
гнмю 1;22;33;фемюр (гюлсфел);13;119;0;мер;фемяйхи;4;бяе сяксцх;1
гнмю 1;46;48;фемюр (гюлсфел);15;64;20;мер;лсфяйни;2;окчя сяксцх;0
гнмю 3;66;50;фемюр (гюлсфел);2;333;24;мер;лсфяйни;2;щкейрпнммше сяксцх;0
гнмю 1;69;58;фемюр (гюлсфел);29;26;7;мер;фемяйхи;3;бяе сяксцх;0
гнмю 2;38;49;фемюр (гюлсфел);3;33;11;мер;лсфяйни;4;щкейрпнммше сяксцх;0
гнмю 3;16;35;ункняр (ме гюлсфел);7;46;3;мер;лсфяйни;1;аюгнбше сяксцх;0
гнмю 3;44;39;фемюр (гюлсфел);8;41;8;мер;лсфяйни;4;бяе сяксцх;0
гнмю 1;50;50;ункняр (ме гюлсфел);24;31;8;мер;лсфяйни;1;окчя сяксцх;0
гнмю 3;10;23;ункняр (ме гюлсфел);1;29;0;мер;фемяйхи;1;бяе сяксцх;0
гнмю 2;7;41;ункняр (ме гюлсфел);6;94;16;мер;лсфяйни;1;бяе сяксцх;0
гнмю 3;71;48;ункняр (ме гюлсфел);25;288;19;мер;лсфяйни;1;аюгнбше сяксцх;0
гнмю 3;16;39;фемюр (гюлсфел);5;31;4;мер;фемяйхи;5;аюгнбше сяксцх;0
гнмю 3;6;20;ункняр (ме гюлсфел);0;25;0;мер;фемяйхи;2;окчя сяксцх;0
гнмю 2;46;55;ункняр (ме гюлсфел);24;269;35;мер;лсфяйни;1;окчя сяксцх;0
гнмю 3;51;49;фемюр (гюлсфел);13;203;27;мер;лсфяйни;4;окчя сяксцх;0
гнмю 3;5;34;ункняр (ме гюлсфел);12;22;2;мер;лсфяйни;2;аюгнбше сяксцх;1
гнмю 2;49;54;фемюр (гюлсфел);23;25;1;мер;фемяйхи;4;аюгнбше сяксцх;0
гнмю 3;49;51;фемюр (гюлсфел);14;222;16;мер;лсфяйни;2;щкейрпнммше сяксцх;0
гнмю 1;26;30;фемюр (гюлсфел);4;76;7;мер;лсфяйни;2;аюгнбше сяксцх;0
гнмю 3;22;39;ункняр (ме гюлсфел);4;55;17;мер;фемяйхи;1;бяе сяксцх;1
гнмю 3;51;45;фемюр (гюлсфел);4;46;6;мер;лсфяйни;2;бяе сяксцх;0
гнмю 1;19;27;фемюр (гюлсфел);7;56;1;мер;лсфяйни;4;бяе сяксцх;1
гнмю 1;9;36;ункняр (ме гюлсфел);1;79;11;мер;фемяйхи;5;окчя сяксцх;1
гнмю 3;15;25;фемюр (гюлсфел);0;51;2;мер;фемяйхи;2;аюгнбше сяксцх;0
гнмю 2;57;63;ункняр (ме гюлсфел);19;61;27;мер;лсфяйни;1;окчя сяксцх;0
гнмю 3;48;45;ункняр (ме гюлсфел);15;41;10;мер;фемяйхи;2;аюгнбше сяксцх;0
гнмю 2;9;53;фемюр (гюлсфел);20;50;13;мер;фемяйхи;2;аюгнбше сяксцх;1
гнмю 1;61;52;ункняр (ме гюлсфел);21;82;18;мер;лсфяйни;1;окчя сяксцх;0
гнмю 3;72;53;ункняр (ме гюлсфел);34;108;23;мер;лсфяйни;1;окчя сяксцх;0
гнмю 3;57;60;ункняр (ме гюлсфел);20;14;27;дю;фемяйхи;1;окчя сяксцх;0
гнмю 2;57;51;ункняр (ме гюлсфел);10;46;13;мер;лсфяйни;1;щкейрпнммше сяксцх;0
гнмю 1;37;60;фемюр (гюлсфел);0;46;20;мер;лсфяйни;3;окчя сяксцх;0
гнмю 3;45;51;ункняр (ме гюлсфел);13;146;16;мер;лсфяйни;2;аюгнбше сяксцх;0
гнмю 3;45;39;фемюр (гюлсфел);15;36;11;мер;фемяйхи;5;аюгнбше сяксцх;0
гнмю 2;55;44;ункняр (ме гюлсфел);24;83;23;мер;фемяйхи;1;окчя сяксцх;0
гнмю 2;24;27;ункняр (ме гюлсфел);2;17;3;мер;лсфяйни;5;щкейрпнммше сяксцх;1
гнмю 3;1;20;ункняр (ме гюлсфел);1;18;0;мер;лсфяйни;1;аюгнбше сяксцх;1
гнмю 2;34;23;фемюр (гюлсфел);3;24;7;мер;фемяйхи;4;окчя сяксцх;0
гнмю 3;14;37;фемюр (гюлсфел);5;48;1;мер;фемяйхи;4;аюгнбше сяксцх;0
гнмю 3;6;32;ункняр (ме гюлсфел);10;47;10;мер;лсфяйни;1;окчя сяксцх;0
гнмю 3;24;30;ункняр (ме гюлсфел);0;25;5;мер;лсфяйни;2;бяе сяксцх;1
гнмю 2;3;26;фемюр (гюлсфел);6;59;0;мер;фемяйхи;3;бяе сяксцх;1
гнмю 1;4;30;ункняр (ме гюлсфел);1;45;6;мер;лсфяйни;3;бяе сяксцх;1
гнмю 1;72;40;фемюр (гюлсфел);19;163;15;мер;лсфяйни;2;щкейрпнммше сяксцх;0
гнмю 1;44;56;ункняр (ме гюлсфел);4;63;6;мер;фемяйхи;1;окчя сяксцх;1
гнмю 1;50;43;ункняр (ме гюлсфел);6;27;4;мер;лсфяйни;1;окчя сяксцх;0
гнмю 2;61;50;фемюр (гюлсфел);16;190;22;мер;фемяйхи;2;щкейрпнммше сяксцх;0
гнмю 1;34;52;фемюр (гюлсфел);2;106;19;мер;лсфяйни;2;окчя сяксцх;0
гнмю 3;26;54;фемюр (гюлсфел);30;26;1;мер;фемяйхи;2;бяе сяксцх;1
гнмю 1;15;46;фемюр (гюлсфел);17;63;1;мер;лсфяйни;2;бяе сяксцх;1
гнмю 3;10;39;ункняр (ме гюлсфел);0;27;0;мер;фемяйхи;3;аюгнбше сяксцх;0
гнмю 1;7;34;ункняр (ме гюлсфел);2;22;5;мер;фемяйхи;1;аюгнбше сяксцх;0
гнмю 3;67;59;ункняр (ме гюлсфел);40;944;33;мер;фемяйхи;1;бяе сяксцх;0
гнмю 3;70;49;ункняр (ме гюлсфел);18;87;22;мер;фемяйхи;1;окчя сяксцх;0
гнмю 3;50;36;фемюр (гюлсфел);7;39;3;мер;фемяйхи;3;щкейрпнммше сяксцх;1
